product,price_date,origin,destination,min_net_margin_bif_kg,max_net_margin_bif_kg,median_net_margin_bif_kg,scenarios_profitable,robustness_share_pct,break_even_transport_bif_ton_km,road_distance_km,gross_price_gap_bif_kg,scenario_range_bif_kg,classification,transport_cost_bif_kg,net_margin_bif_kg,corridor_key,flow_unit,normalized_margin_contribution_bif,origin_lat,origin_lon,destination_lat,destination_lon
meat_goat,2026-06-01,Kayogoro,Rutana,15958.7416285,15986.2472095,15975.089142855566,6,100.0,581700.1284212102,27.505581,16000.0,27.50558099999944,Robust,22.3161332888691,15977.683866711131,Kayogoro — Rutana,1.0,15977.683866711131,-4.12,29.95,-3.93,29.99
meat_goat,2026-06-01,Buyengero,Burambi,11156.874456,11191.178152000002,11177.262324295129,6,100.0,326738.26167302794,34.303696,11208.330000000002,34.303696000000855,Robust,27.831655409745604,11180.498344590256,Buyengero — Burambi,1.0,11180.498344590256,-3.81,29.54,-3.75,29.42
meat_goat,2026-06-01,Ruyigi,Bukeye,9961.728789,10061.316263,10020.91705558668,6,100.0,101529.93738951549,99.587474,10111.11,99.58747399999992,Robust,80.79841482664139,10030.31158517336,Ruyigi — Bukeye,1.0,10030.31158517336,-3.48,30.25,-3.19,29.63
meat_goat,2026-06-01,Mishiha,Kigamba,9571.574221,9607.191407,9592.74274165186,6,100.0,270234.71197303454,35.617186000000004,9625.0,35.61718599999949,Robust,28.897330696284605,9596.102669303717,Mishiha — Kigamba,1.0,9596.102669303717,-3.01,30.78,-3.07,30.54
meat_goat,2026-06-01,Gihogazi,Mutaho,9135.1672235,9156.169074499998,9147.649347063065,6,100.0,436469.62355841865,21.001851,9166.669999999998,21.00185099999908,Robust,17.0394548738661,9149.630545126132,Gihogazi — Mutaho,1.0,9149.630545126132,-3.12,30.0,-3.14,29.87
meat_goat,2026-06-01,Kivyuka,Bubanza,8530.185279000001,8544.015093,8538.404813897292,6,100.0,618296.8187424646,13.829814,8550.93,13.829813999998803,Robust,11.2205582054154,8539.709441794585,Kivyuka — Bubanza,1.0,8539.709441794585,-3.03,29.45,-3.08,29.39
meat_goat,2026-06-01,Gitaza,Rugombo,8379.9409395,8480.8136465,8439.893064334856,6,100.0,84574.41317600409,100.872707,8531.25,100.87270700000045,Robust,81.84116433028771,8449.408835669712,Gitaza — Rugombo,1.0,8449.408835669712,-3.61,29.35,-2.81,29.08
meat_goat,2026-06-01,Makamba,Nyagasasa,7979.418269500001,8067.212756500001,8031.597557644178,6,100.0,92387.4639190044,87.79448699999999,8111.110000000001,87.79448700000012,Robust,71.2303977116457,8039.879602288355,Makamba — Nyagasasa,1.0,8039.879602288355,-4.14,29.8,-3.59,29.59
meat_goat,2026-06-01,Rubaho,Gihamagara,7922.8166465,7974.2722155,7953.398463801052,6,100.0,155473.93907936377,51.455569,8000.0,51.45556899999974,Robust,41.7475033978959,7958.252496602104,Rubaho — Gihamagara,1.0,7958.252496602104,-3.85,30.22,-3.62,30.02
meat_goat,2026-06-01,Kayero,Gitega,7672.951445500001,7705.797148500001,7692.47277832737,6,100.0,235105.9436907165,32.845703,7722.220000000001,32.84570299999996,Robust,26.6487403452633,7695.571259654738,Kayero — Gitega,1.0,7695.571259654738,-3.81,30.12,-3.64,30.04
meat_goat,2026-06-01,Giharo,Bandaga,6307.1903415,6445.3967805,6389.331189409524,6,100.0,47136.009343240505,138.20643900000002,6514.5,138.2064390000005,Robust,112.1311821809529,6402.368817819047,Giharo — Bandaga,1.0,6402.368817819047,-3.78,30.23,-3.07,29.61
meat_goat,2026-06-01,Mabanda,Muyange,6228.340306,6242.780102,6236.922374213773,6,100.0,432831.5995599938,14.439796,6250.0,14.43979599999966,Robust,11.7154555724556,6238.2845444275445,Mabanda — Muyange,1.0,6238.2845444275445,-4.27,29.77,-4.31,29.69
meat_goat,2026-06-01,Giteranyi,Mukenke,6216.4297855,6238.8099285,6229.731075480826,6,100.0,279265.4184559947,22.380143,6250.0,22.380142999999407,Robust,18.1577060383473,6231.842293961653,Giteranyi — Mukenke,1.0,6231.842293961653,-2.52,30.46,-2.58,30.33
meat_goat,2026-06-01,Muzinda,Cibitoke,6019.970130499997,6080.730043499997,6056.0818399749005,6,100.0,100577.99128185054,60.759913,6111.109999999997,60.75991299999987,Robust,49.2964070501943,6061.813592949803,Muzinda — Cibitoke,1.0,6061.813592949803,-3.26,29.42,-2.9,29.13
meat_goat,2026-06-01,Bukirasazi,Mwaro,5900.308534500001,5948.249511500001,5928.801508697759,6,100.0,124574.43243177964,47.940977,5972.220000000001,47.9409770000002,Robust,38.89600560448469,5933.323994395517,Bukirasazi — Mwaro,1.0,5933.323994395517,-3.7,29.96,-3.52,29.71
meat_goat,2026-06-01,Nyabihanga,Muramvya,5860.954781999999,5910.171593999999,5890.206028890772,6,100.0,120584.40518252176,49.216812,5934.779999999999,49.21681199999966,Robust,39.9311302184532,5894.848869781546,Nyabihanga — Muramvya,1.0,5894.848869781546,-3.47,29.81,-3.27,29.62
meat_goat,2026-06-01,Rumonge,Gasenyi,5498.3004955,5624.4334985,5573.265684464854,6,100.0,45091.29145208729,126.133003,5687.5,126.13300299999992,Robust,102.3356280702933,5585.164371929706,Rumonge — Gasenyi,1.0,5585.164371929706,-3.98,29.44,-2.96,29.19
meat_goat,2026-06-01,Marangara,Masanganzira,5350.727906999999,5373.855968999998,5364.473711008334,6,100.0,232852.1948791039,23.128062000000003,5385.419999999998,23.128061999999773,Robust,18.7645159833282,5366.65548401667,Marangara — Masanganzira,1.0,5366.65548401667,-2.74,29.99,-2.81,30.1
meat_goat,2026-06-01,Kirundo,Ruhehe,4468.8193635,4489.6064545,4481.173847796585,6,100.0,216480.5070608485,20.787091,4500.0,20.787091000000142,Robust,16.865213406830097,4483.13478659317,Kirundo — Ruhehe,1.0,4483.13478659317,-2.58,30.1,-2.44,30.03
meat_goat,2026-06-01,Kayanza,Mabayi,4369.366179,4456.455393,4421.126299103622,6,100.0,51671.15183747093,87.08921400000001,4500.0,87.08921400000054,Robust,70.65818779275541,4429.341812207244,Kayanza — Mabayi,1.0,4429.341812207244,-2.93,29.63,-2.72,29.24
meat_goat,2026-06-01,Gisuru,Twinkwavu,4343.026061000003,4375.208687000003,4362.1533043232685,6,100.0,136449.3997475533,32.182626,4391.300000000003,32.1826259999998,Robust,26.1107653534686,4365.189234646535,Gisuru — Twinkwavu,1.0,4365.189234646535,-3.46,30.5,-3.26,30.65
meat_goat,2026-06-01,Busoni,Gitobe,4277.700399499998,4296.273466499998,4288.739013060256,6,100.0,231817.3945100181,18.573067,4305.559999999998,18.573067000000265,Robust,15.068906879483702,4290.491093120514,Busoni — Gitobe,1.0,4290.491093120514,-2.53,30.22,-2.65,30.2
meat_goat,2026-06-01,Nyabikere,Buhiga,4257.284245,4288.661415,4275.932778074506,6,100.0,137180.95035339383,31.37717,4304.349999999999,31.37716999999975,Robust,25.457273850987,4278.892726149013,Nyabikere — Buhiga,1.0,4278.892726149013,-3.26,30.11,-3.03,30.17
meat_goat,2026-06-01,Bururi,Kanyosha,4148.861994999999,4249.500665,4208.6750235831805,6,100.0,42725.32615941765,100.63867,4299.82,100.63867000000027,Robust,81.651282833637,4218.1687171663625,Bururi — Kanyosha,1.0,4218.1687171663625,-3.95,29.63,-3.43,29.36
meat_goat,2026-06-01,Kinyinya,Cankuzo,4070.442463499998,4134.594154499999,4108.570023487053,6,100.0,64950.27543389305,64.151691,4166.669999999998,64.15169100000048,Robust,52.0482620258901,4114.621737974108,Kinyinya — Cankuzo,1.0,4114.621737974108,-3.66,30.36,-3.22,30.55
meat_goat,2026-06-01,Mwakiro,Gasorwe,4019.010785,4060.683595,4043.778371611305,6,100.0,97942.03942570707,41.67281,4081.52,41.67281000000003,Robust,33.810446777391,4047.709553222609,Mwakiro — Gasorwe,1.0,4047.709553222609,-3.13,30.29,-2.85,30.22
meat_goat,2026-06-01,Rwibaga,Chez Siyoni,4013.9862174999976,4048.1420724999975,4034.286218795703,6,100.0,119019.7112618026,34.155855,4065.2199999999975,34.155854999999974,Robust,27.7117074085905,4037.508292591407,Rwibaga — Chez Siyoni,1.0,4037.508292591407,-3.47,29.55,-3.36,29.37
meat_goat,2026-06-01,Kayongozi,Kirehe,3954.892083500001,4023.610694500001,3995.73392137345,6,100.0,59051.97938299423,68.71861100000001,4057.970000000001,68.71861099999978,Robust,55.7535462531021,4002.216453746899,Kayongozi — Kirehe,1.0,4002.216453746899,-3.27,30.34,-2.95,30.35
meat_goat,2026-06-01,Kinama,Musenyi,3918.373654500004,3950.564551500004,3937.5058135635054,6,100.0,123223.03413912337,32.190897,3966.660000000004,32.19089699999995,Robust,26.1174758729967,3940.5425241270073,Kinama — Musenyi,1.0,3940.5425241270073,-3.3,29.52,-3.17,29.4
meat_goat,2026-06-01,Matana,Kamenge,3766.1321025000016,3852.597367500002,3817.5213882178814,6,100.0,45056.5900653864,86.465265,3895.8300000000017,86.46526500000027,Robust,70.15195856424151,3825.67804143576,Matana — Kamenge,1.0,3825.67804143576,-3.77,29.69,-3.35,29.38
meat_goat,2026-06-01,Wimpfizi,Rusaka,3664.1149545,3699.6316515,3685.223751077312,6,100.0,104665.98287560354,35.516697,3717.39,35.51669700000002,Robust,28.8158008453767,3688.5741991546233,Wimpfizi — Rusaka,1.0,3688.5741991546233,-3.61,29.79,-3.44,29.63
meat_goat,2026-06-01,Muhanga,Jene,3468.270316,3510.256772,3493.224313234209,6,100.0,84104.50265199807,41.986456,3531.25,41.98645600000009,Robust,34.06491753158159,3497.1850824684184,Muhanga — Jene,1.0,3497.1850824684184,-3.03,29.83,-2.85,29.61
meat_goat,2026-06-01,Ngozi,Mihigo,3395.6885294999984,3409.6761764999983,3404.0018699865377,6,100.0,244263.38468507232,13.987647,3416.6699999999983,13.987646999999924,Robust,11.3486130269217,3405.3213869730766,Ngozi — Mihigo,1.0,3405.3213869730766,-2.91,29.83,-2.85,29.75
tomatoes,2026-06-01,Kayongozi,Ruyigi,2782.7201829999995,2813.2400609999995,2800.8591979051967,6,100.0,92677.3036248703,30.519878,2828.4999999999995,30.519878000000062,Robust,24.761726189605795,2803.738273810394,Kayongozi — Ruyigi,1.0,2803.738273810394,-3.27,30.34,-3.48,30.25
onions,2026-06-01,Mwaro,Gisuru,2547.2622275000003,2663.9007425000004,2616.584515161342,6,100.0,23338.945973377668,116.638515,2722.2200000000003,116.6385150000001,Robust,94.63245467731647,2627.587545322684,Mwaro — Gisuru,1.0,2627.587545322684,-3.52,29.71,-3.46,30.5
tomatoes,2026-06-01,Wimpfizi,Nyagasasa,2480.467763,2513.775921,2500.263948765444,6,100.0,75970.27731164238,33.308158000000006,2530.43,33.30815800000028,Robust,27.023944469113804,2503.406055530886,Wimpfizi — Nyagasasa,1.0,2503.406055530886,-3.61,29.79,-3.59,29.59
tomatoes,2026-06-01,Cibitoke,Chez Siyoni,2479.5213925000003,2542.6937975,2517.066929080853,6,100.0,40750.071174273,63.172405,2574.28,63.1724049999998,Robust,51.253736838295495,2523.0262631617047,Cibitoke — Chez Siyoni,1.0,2523.0262631617047,-2.9,29.13,-3.36,29.37
tomatoes,2026-06-01,Nyabihanga,Rwibaga,2424.5466585,2463.9822195,2447.9845709573765,6,100.0,62981.22651279133,39.435561,2483.7,39.43556099999978,Robust,31.9952970852471,2451.704702914753,Nyabihanga — Rwibaga,1.0,2451.704702914753,-3.47,29.81,-3.47,29.55
onions,2026-06-01,Bukeye,Nyabikere,2367.8716435,2437.4372145,2409.216858879221,6,100.0,35537.98185599598,69.56557099999999,2472.22,69.56557100000009,Robust,56.44071124155809,2415.779288758442,Bukeye — Nyabikere,1.0,2415.779288758442,-3.19,29.63,-3.26,30.11
meat_goat,2026-06-01,Biyorwa,Gatabo,2281.1139185,2343.7046395,2318.3137402406383,6,100.0,37944.921580309005,62.590721,2375.0,62.59072100000003,Robust,50.7817985187231,2324.218201481277,Biyorwa — Gatabo,1.0,2324.218201481277,-3.46,30.09,-3.28,29.7
onions,2026-06-01,Kivyuka,Kirehe,2134.390079,2277.436693,2219.4076096560525,6,100.0,16420.940938874654,143.046614,2348.96,143.04661399999986,Robust,116.0581666878954,2232.901833312105,Kivyuka — Kirehe,1.0,2232.901833312105,-3.03,29.45,-2.95,30.35
bananas,2026-06-01,Jene,Gasenyi,2112.907978,2192.729326,2160.3485549618385,6,100.0,27970.462237746226,79.821348,2232.64,79.82134799999994,Robust,64.7615420763228,2167.878457923677,Jene — Gasenyi,1.0,2167.878457923677,-2.85,29.61,-2.96,29.19
onions,2026-06-01,Kayogoro,Makamba,2051.622925,2072.760975,2064.1859963208226,6,100.0,98558.28706999937,21.13805,2083.33,21.13805000000002,Robust,17.149957358355,2066.180042641645,Kayogoro — Makamba,1.0,2066.180042641645,-4.12,29.95,-4.14,29.8
onions,2026-06-01,Nyabihanga,Ruyigi,2019.336643,2080.518881,2055.699354771499,6,100.0,34505.27586127202,61.182238,2111.11,61.18223799999987,Robust,49.6390524570018,2061.470947542998,Nyabihanga — Ruyigi,1.0,2061.470947542998,-3.47,29.81,-3.48,30.25
bananas,2026-06-01,Masanganzira,Cankuzo,1998.977311,2088.5524370000003,2052.2148942448907,6,100.0,23816.20987058393,89.575126,2133.34,89.57512600000018,Robust,72.67508551021861,2060.664914489781,Masanganzira — Cankuzo,1.0,2060.664914489781,-2.81,30.1,-3.22,30.55
potatoes,2026-06-01,Biyorwa,Ruyigi,1992.297295,2015.025765,2005.805607716792,6,100.0,89156.46323751663,22.72847,2026.39,22.728470000000016,Robust,18.440314566417,2007.949685433583,Biyorwa — Ruyigi,1.0,2007.949685433583,-3.46,30.09,-3.48,30.25
onions,2026-06-01,Ngozi,Kigamba,1986.564191,2092.741397,2049.6689623305465,6,100.0,20209.89326089443,106.177206,2145.83,106.17720599999984,Robust,86.1448693389066,2059.6851306610934,Ngozi — Kigamba,1.0,2059.6851306610934,-2.91,29.83,-3.07,30.54
tomatoes,2026-06-01,Busoni,Bandaga,1950.5906035,2069.6435345,2021.347861766773,6,100.0,17884.229998503775,119.052931,2129.17,119.05293099999994,Robust,96.5913454664541,2032.578654533546,Busoni — Bandaga,1.0,2032.578654533546,-2.53,30.22,-3.07,29.61
potatoes,2026-06-01,Gihamagara,Kinyinya,1928.9519945,1976.3173315,1957.10284601496,6,100.0,42224.97139627657,47.365337,2000.0,47.365336999999954,Robust,38.4289709700807,1961.5710290299196,Gihamagara — Kinyinya,1.0,1961.5710290299196,-3.62,30.02,-3.66,30.36
tomatoes,2026-06-01,Kigamba,Cankuzo,1920.9505065,1940.3168355,1932.460582994734,6,100.0,100690.2237383244,19.366329,1950.0,19.36632899999995,Robust,15.7125050105319,1934.287494989468,Kigamba — Cankuzo,1.0,1934.287494989468,-3.07,30.54,-3.22,30.55
tomatoes,2026-06-01,Marangara,Mihigo,1907.371891,1951.757297,1933.7516668630367,6,100.0,44472.95131196952,44.385406,1973.95,44.3854060000001,Robust,36.0112602739266,1937.9387397260732,Marangara — Mihigo,1.0,1937.9387397260732,-2.74,29.99,-2.85,29.75
tomatoes,2026-06-01,Mukenke,Kamenge,1871.855113,2040.618371,1972.156931123638,6,100.0,12591.603321618735,168.763258,2125.0,168.76325799999995,Robust,136.9228797527238,1988.0771202472763,Mukenke — Kamenge,1.0,1988.0771202472763,-2.58,30.33,-3.35,29.38
tomatoes,2026-06-01,Ruhehe,Kirundo,1829.9293635,1850.7164545,1842.2838477965847,6,100.0,89532.00811022572,20.787091,1861.11,20.78709099999992,Robust,16.865213406830097,1844.2447865931697,Ruhehe — Kirundo,1.0,1844.2447865931697,-2.44,30.03,-2.58,30.1
tomatoes,2026-06-01,Bukirasazi,Matana,1810.2966735,1853.4322245,1835.933617479032,6,100.0,43467.62604237975,43.135551,1875.0,43.13555100000008,Robust,34.997214041936104,1840.002785958064,Bukirasazi — Matana,1.0,1840.002785958064,-3.7,29.96,-3.77,29.69
onions,2026-06-01,Kinama,Chez Siyoni,1716.4366105,1741.2322035000002,1731.1734856280789,6,100.0,70723.4547687567,24.795593,1753.63,24.795593000000054,Robust,20.1174357438423,1733.5125642561577,Kinama — Chez Siyoni,1.0,1733.5125642561577,-3.3,29.52,-3.36,29.37
bananas,2026-06-01,Gitega,Ruyigi,1670.637143,1705.032381,1691.0794178593492,6,100.0,50071.75702636511,34.395238,1722.23,34.39523800000006,Robust,27.9059262813018,1694.3240737186982,Gitega — Ruyigi,1.0,1694.3240737186982,-3.64,30.04,-3.48,30.25
tomatoes,2026-06-01,Gitaza,Kanyosha,1662.729629,1684.796543,1675.8447561953872,6,100.0,76849.4407509813,22.066914,1695.83,22.066914,Robust,17.9035736092254,1677.9264263907746,Gitaza — Kanyosha,1.0,1677.9264263907746,-3.61,29.35,-3.43,29.36
onions,2026-06-01,Gasenyi,Rugombo,1639.1733869999998,1660.9711289999998,1652.128536002812,6,100.0,76699.22875497838,21.797742,1671.87,21.79774199999997,Robust,17.685185994376198,1654.1848140056236,Gasenyi — Rugombo,1.0,1654.1848140056236,-2.96,29.19,-2.81,29.08
rice,2025-11-01,Ruhehe,Gasenyi,1637.563091,1823.627697,1748.147696271477,6,100.0,10301.04564862809,186.064606,1916.66,186.0646060000001,Robust,150.9600014570466,1765.6999985429534,Ruhehe — Gasenyi,1.0,1765.6999985429534,-2.44,30.03,-2.96,29.19
bananas,2026-06-01,Bukirasazi,Matana,1622.7966735,1665.9322245,1648.433617479032,6,100.0,39120.86343814178,43.135551,1687.5,43.13555100000008,Robust,34.997214041936104,1652.502785958064,Bukirasazi — Matana,1.0,1652.502785958064,-3.7,29.96,-3.77,29.69
rice,2025-11-01,Giharo,Kinyinya,1613.170901,1635.636967,1626.5232579797737,6,100.0,73304.77886070486,22.466066,1646.87,22.466065999999955,Robust,18.2274180404526,1628.6425819595472,Giharo — Kinyinya,1.0,1628.6425819595472,-3.78,30.23,-3.66,30.36
bananas,2026-06-01,Mukenke,Kayongozi,1609.9050720000002,1723.8350240000002,1677.6175673604466,6,100.0,15630.65698474094,113.929952,1780.8000000000002,113.92995199999996,Robust,92.4349132791072,1688.365086720893,Mukenke — Kayongozi,1.0,1688.365086720893,-2.58,30.33,-3.27,30.34
tomatoes,2026-06-01,Rumonge,Bururi,1584.8758795,1617.0586265000002,1604.0031947377342,6,100.0,50746.13425634549,32.182747,1633.15,32.18274700000006,Robust,26.1108635245317,1607.0391364754685,Rumonge — Bururi,1.0,1607.0391364754685,-3.98,29.44,-3.95,29.63
meat_goat,2026-06-01,Muyinga,Kobero,1584.5994095,1611.5331365,1600.6070513229952,6,100.0,60333.27656436111,26.933727,1625.0,26.933726999999863,Robust,21.8521703540097,1603.1478296459902,Muyinga — Kobero,1.0,1603.1478296459902,-2.85,30.34,-2.65,30.41
tomatoes,2026-06-01,Mwakiro,Gatabo,1560.3261720000005,1648.128724,1612.5102534515163,6,100.0,19270.85217295279,87.80255199999999,1692.0300000000002,87.80255199999988,Robust,71.23694109696719,1620.793058903033,Mwakiro — Gatabo,1.0,1620.793058903033,-3.13,30.29,-3.28,29.7
tomatoes,2026-06-01,Rugombo,Musenyi,1531.4388545000002,1591.7329515,1567.2737134787417,6,100.0,26899.48238216421,60.294097,1621.88,60.294096999999965,Robust,48.91847604251669,1572.9615239574837,Rugombo — Musenyi,1.0,1572.9615239574837,-2.81,29.08,-3.17,29.4
onions,2026-06-01,Gitaza,Burambi,1525.765068,1564.148356,1548.5775783626714,6,100.0,41250.765176761306,38.383288,1583.34,38.38328799999999,Robust,31.1415552746568,1552.198444725343,Gitaza — Burambi,1.0,1552.198444725343,-3.61,29.35,-3.75,29.42
bananas,2026-06-01,Mabanda,Muyange,1478.340306,1492.780102,1486.9223742137724,6,100.0,103879.58389439851,14.439796,1500.0,14.439795999999887,Robust,11.7154555724556,1488.2845444275445,Mabanda — Muyange,1.0,1488.2845444275445,-4.27,29.77,-4.31,29.69
potatoes,2026-06-01,Muramvya,Muzinda,1451.1544685,1492.4114895,1475.6749373846735,6,100.0,36673.51552115214,41.257021,1513.04,41.25702100000012,Robust,33.4731042306531,1479.566895769347,Muramvya — Muzinda,1.0,1479.566895769347,-3.27,29.62,-3.26,29.42
onions,2026-06-01,Bandaga,Muhanga,1450.471707,1483.490569,1470.0959541863958,6,100.0,45428.579579756566,33.018862,1500.0,33.01886200000013,Robust,26.7892296272082,1473.2107703727918,Bandaga — Muhanga,1.0,1473.2107703727918,-3.07,29.61,-3.03,29.83
rice,2025-11-01,Kirundo,Rugombo,1440.6175170000004,1626.4658390000004,1551.0735772392932,6,100.0,9251.57667014072,185.848322,1719.3900000000003,185.84832200000005,Robust,150.7845235214142,1568.605476478586,Kirundo — Rugombo,1.0,1568.605476478586,-2.58,30.1,-2.81,29.08
onions,2026-06-01,Jene,Masanganzira,1399.917859,1470.345953,1441.7757015120385,6,100.0,21377.26458989505,70.428094,1505.56,70.4280940000001,Robust,57.14050297592341,1448.4194970240765,Jene — Masanganzira,1.0,1448.4194970240765,-2.85,29.61,-2.81,30.1
tomatoes,2026-06-01,Gasenyi,Muzinda,1369.2107640000002,1419.3635880000002,1399.0183150679868,6,100.0,28800.77101939464,50.152824,1444.44,50.15282400000001,Robust,40.6905458640264,1403.7494541359736,Gasenyi — Muzinda,1.0,1403.7494541359736,-2.96,29.19,-3.26,29.42
onions,2026-06-01,Gihogazi,Mwakiro,1355.7184444999998,1399.8194815,1381.9292100698246,6,100.0,32241.19197015708,44.101037,1421.87,44.10103700000013,Robust,35.78054286035069,1386.0894571396493,Gihogazi — Mwakiro,1.0,1386.0894571396493,-3.12,30.0,-3.13,30.29
onions,2026-06-01,Mutaho,Buhiga,1351.5133009999995,1396.1577669999997,1378.047045145653,6,100.0,31772.806958873683,44.644466,1418.4799999999996,44.644465999999966,Robust,36.2214437086926,1382.258556291307,Mutaho — Buhiga,1.0,1382.258556291307,-3.14,29.87,-3.03,30.17
rice,2025-11-01,Makamba,Muyange,1328.3993414999998,1360.0997804999995,1347.2400044778233,6,100.0,43404.76168169153,31.700439,1375.9499999999998,31.70043899999996,Robust,25.7195520443529,1350.230447955647,Makamba — Muyange,1.0,1350.230447955647,-4.14,29.8,-4.31,29.69
onions,2026-06-01,Kayanza,Muyinga,1328.280521,1426.093507,1386.414148237168,6,100.0,15079.79727763346,97.812986,1475.0,97.81298599999992,Robust,79.3587175256646,1395.6412824743354,Kayanza — Muyinga,1.0,1395.6412824743354,-2.93,29.63,-2.85,30.34
potatoes,2026-06-01,Mishiha,Cankuzo,1321.4859925,1359.9419975,1344.3417210808725,6,100.0,35863.579693210464,38.456005,1379.17,38.456005000000005,Robust,31.200552838255497,1347.9694471617445,Mishiha — Cankuzo,1.0,1347.9694471617445,-3.01,30.78,-3.22,30.55
onions,2026-06-01,Rutana,Rubaho,1316.795683,1355.598561,1339.8575701545471,6,100.0,35435.5158913728,38.802878,1375.0,38.80287799999997,Robust,31.4819816909058,1343.5180183090945,Rutana — Rubaho,1.0,1343.5180183090945,-3.93,29.99,-3.85,30.22
bananas,2026-06-01,Rubaho,Kinyinya,1310.866603,1341.582201,1329.1219410437511,6,100.0,44177.55434877094,30.715598000000004,1356.94,30.715598,Robust,24.9205199124978,1332.0194800875022,Rubaho — Kinyinya,1.0,1332.0194800875022,-3.85,30.22,-3.66,30.36
rice,2025-11-01,Cankuzo,Gisuru,1308.3539745,1340.9779915,1327.7435517004856,6,100.0,41604.01216073422,32.624017,1357.29,32.62401699999987,Robust,26.4688795990287,1330.8211204009713,Cankuzo — Gisuru,1.0,1330.8211204009713,-3.22,30.55,-3.46,30.5
bananas,2026-06-01,Mihigo,Rugombo,1301.1764325,1418.4454775,1370.8734658621,6,100.0,12595.65130764048,117.269045,1477.08,117.269045,Robust,95.1440232757995,1381.9359767242004,Mihigo — Rugombo,1.0,1381.9359767242004,-2.85,29.75,-2.81,29.08
potatoes,2026-06-01,Kayongozi,Twinkwavu,1288.1969279999998,1335.678976,1316.4171448829534,6,100.0,28630.18882420572,47.482048000000006,1359.4199999999998,47.48204800000008,Robust,38.52366223409281,1320.896337765907,Kayongozi — Twinkwavu,1.0,1320.896337765907,-3.27,30.34,-3.26,30.65
maize_flour,2026-06-01,Marangara,Mabayi,1260.891331,1409.183777,1349.0266403325645,6,100.0,10002.734731342958,148.29244599999998,1483.33,148.29244599999993,Robust,120.31427333487058,1363.0157266651293,Marangara — Mabayi,1.0,1363.0157266651293,-2.74,29.99,-2.72,29.24
bananas,2026-06-01,Mishiha,Twinkwavu,1257.569667,1294.249889,1279.369986568248,6,100.0,35784.67982009488,36.680222,1312.59,36.68022199999996,Robust,29.7598048635042,1282.8301951364956,Mishiha — Twinkwavu,1.0,1282.8301951364956,-3.01,30.78,-3.26,30.65
tomatoes,2026-06-01,Gihogazi,Muramvya,1254.9554925,1312.0384975,1288.8818888810222,6,100.0,23484.748218843768,57.083005,1340.58,57.08300499999996,Robust,46.3132172379555,1294.2667827620444,Gihogazi — Muramvya,1.0,1294.2667827620444,-3.12,30.0,-3.27,29.62
rice,2025-11-01,Masanganzira,Mabayi,1222.5178769999995,1372.9659589999997,1311.9343550690246,6,100.0,9625.845545840852,150.448082,1448.1899999999996,150.4480820000001,Robust,122.0632078619502,1326.1267921380495,Masanganzira — Mabayi,1.0,1326.1267921380495,-2.81,30.1,-2.72,29.24
potatoes,2026-06-01,Muhanga,Rugombo,1168.634417,1297.878139,1245.448413430823,6,100.0,10542.098129919224,129.243722,1362.5,129.2437219999999,Robust,104.8594511383542,1257.6405488616458,Muhanga — Rugombo,1.0,1257.6405488616458,-3.03,29.83,-2.81,29.08
potatoes,2026-06-01,Gitobe,Mukenke,1167.818101,1187.419367,1179.4678086474137,6,100.0,61078.70787529745,19.601266,1197.22,19.601265999999896,Robust,15.903116705172598,1181.3168832948274,Gitobe — Mukenke,1.0,1181.3168832948274,-2.65,30.2,-2.58,30.33
rice,2025-11-01,Gitobe,Kivyuka,1156.931509,1284.890503,1232.9819473215432,6,100.0,10541.423918978291,127.958994,1348.87,127.95899399999983,Robust,103.8171113569134,1245.0528886430866,Gitobe — Kivyuka,1.0,1245.0528886430866,-2.65,30.2,-3.03,29.45
potatoes,2026-06-01,Mutaho,Musenyi,1140.8194065,1230.2731355,1193.984839325664,6,100.0,14253.178869714866,89.45372900000001,1275.0,89.45372900000007,Robust,72.57659234867191,1202.423407651328,Mutaho — Musenyi,1.0,1202.423407651328,-3.14,29.87,-3.17,29.4
rice,2025-11-01,Mutaho,Chez Siyoni,1126.3615474999997,1209.0271824999998,1175.4925822116254,6,100.0,15125.51134458714,82.665635,1250.3599999999997,82.66563500000007,Robust,67.0692005767485,1183.2907994232512,Mutaho — Chez Siyoni,1.0,1183.2907994232512,-3.14,29.87,-3.36,29.37
onions,2026-06-01,Wimpfizi,Gihamagara,1122.803606,1160.741202,1145.351226252982,6,100.0,31096.06628738416,37.937596,1179.71,37.93759599999999,Robust,30.7799514940356,1148.9300485059644,Wimpfizi — Gihamagara,1.0,1148.9300485059644,-3.61,29.79,-3.62,30.02
tomatoes,2026-06-01,Biyorwa,Mwaro,1118.7095155000002,1173.8298385,1151.4694223540273,6,100.0,21795.772132902774,55.120323,1201.39,55.12032299999987,Robust,44.7208322919453,1156.6691677080548,Biyorwa — Mwaro,1.0,1156.6691677080548,-3.46,30.09,-3.52,29.71
bananas,2026-06-01,Muramvya,Muzinda,1118.0644685000004,1159.3214895000006,1142.584937384674,6,100.0,28599.98059481804,41.257021,1179.9500000000005,41.25702100000012,Robust,33.4731042306531,1146.4768957693475,Muramvya — Muzinda,1.0,1146.4768957693475,-3.27,29.62,-3.26,29.42
rice,2025-11-01,Gatabo,Rusaka,1118.042153,1143.514051,1133.180979488286,6,100.0,45393.162299880445,25.471898,1156.25,25.47189800000001,Robust,20.6661430234278,1135.5838569765722,Gatabo — Rusaka,1.0,1135.5838569765722,-3.28,29.7,-3.44,29.63
beans,2025-11-01,Gitobe,Kivyuka,1114.311509,1242.270503,1190.3619473215433,6,100.0,10208.348465134071,127.958994,1306.25,127.95899399999983,Robust,103.8171113569134,1202.4328886430867,Gitobe — Kivyuka,1.0,1202.4328886430867,-2.65,30.2,-3.03,29.45
onions,2026-06-01,Ruhehe,Gitobe,1101.203481,1144.847827,1127.1428193755196,6,100.0,26731.29756601233,43.644346,1166.67,43.64434600000004,Robust,35.4100152489606,1131.2599847510394,Ruhehe — Gitobe,1.0,1131.2599847510394,-2.44,30.03,-2.65,30.2
potatoes,2026-06-01,Mihigo,Gasenyi,1077.011712,1173.823904,1134.5505328856143,6,100.0,12624.75288236424,96.812192,1222.23,96.8121920000001,Robust,78.5467422287712,1143.683257771229,Mihigo — Gasenyi,1.0,1143.683257771229,-2.85,29.75,-2.96,29.19
potatoes,2026-06-01,Rusaka,Kamenge,1059.975646,1104.7118819999998,1086.56393221813,6,100.0,25193.89427398407,44.736236,1127.08,44.73623599999996,Robust,36.2958995637396,1090.7841004362604,Rusaka — Kamenge,1.0,1090.7841004362604,-3.44,29.63,-3.35,29.38
rice,2025-11-01,Kayongozi,Ruyigi,1029.5701830000005,1060.0900610000003,1047.7091979051977,6,100.0,35234.41345342207,30.519878,1075.3500000000004,30.519878000000062,Robust,24.761726189605795,1050.5882738103946,Kayongozi — Ruyigi,1.0,1050.5882738103946,-3.27,30.34,-3.48,30.25
potatoes,2026-06-01,Bukeye,Bubanza,1026.201155,1092.680385,1065.7120515984736,6,100.0,16936.417584860716,66.47923,1125.92,66.47923000000014,Robust,53.936666803053,1071.9833331969471,Bukeye — Bubanza,1.0,1071.9833331969471,-3.19,29.63,-3.08,29.39
bananas,2026-06-01,Muhanga,Chez Siyoni,1015.862523,1100.940841,1066.427498335455,6,100.0,13440.322127665948,85.078318,1143.48,85.07831800000008,Robust,69.0266853290898,1074.4533146709102,Muhanga — Chez Siyoni,1.0,1074.4533146709102,-3.03,29.83,-3.36,29.37
bananas,2026-06-01,Bandaga,Musenyi,988.633969,1050.651323,1025.4930189800457,6,100.0,17441.247170912837,62.017354,1081.66,62.01735399999996,Robust,50.3166080399094,1031.343391960091,Bandaga — Musenyi,1.0,1031.343391960091,-3.07,29.61,-3.17,29.4
onions,2026-06-01,Bubanza,Cibitoke,984.299246,1032.573082,1012.9900497684504,6,100.0,21889.91154545912,48.273836,1056.71,48.27383600000008,Robust,39.1660644630996,1017.5439355369004,Bubanza — Cibitoke,1.0,1017.5439355369004,-3.08,29.39,-2.9,29.13
tomatoes,2026-06-01,Makamba,Kayogoro,982.182925,1003.320975,994.7459963208224,6,100.0,47965.16234941255,21.13805,1013.89,21.13805000000002,Robust,17.149957358355,996.740042641645,Makamba — Kayogoro,1.0,996.740042641645,-4.14,29.8,-4.12,29.95
bananas,2026-06-01,Gihogazi,Nyabikere,964.9084395,993.8561465,982.1130590186062,6,100.0,34832.810764597,28.947707,1008.33,28.94770700000004,Robust,23.4861749627877,984.8438250372124,Gihogazi — Nyabikere,1.0,984.8438250372124,-3.12,30.0,-3.26,30.11
onions,2026-06-01,Muzinda,Kamenge,964.541942,976.607314,971.7128082316652,6,100.0,81442.99239178037,12.065372,982.64,12.065372000000025,Robust,9.7890115366692,972.8509884633309,Muzinda — Kamenge,1.0,972.8509884633309,-3.26,29.42,-3.35,29.38
tomatoes,2026-06-01,Jene,Kivyuka,954.679904,998.779968,980.8900912824048,6,100.0,23148.03896883233,44.100064,1020.83,44.100063999999975,Robust,35.7797534351904,985.0502465648096,Jene — Kivyuka,1.0,985.0502465648096,-2.85,29.61,-3.03,29.45
potatoes,2026-06-01,Jene,Cibitoke,952.8973445,1043.3257815,1006.6420798687544,6,100.0,12037.585035335733,90.428437,1088.54,90.42843700000005,Robust,73.3674032624907,1015.1725967375093,Jene — Cibitoke,1.0,1015.1725967375093,-2.85,29.61,-2.9,29.13
rice,2025-11-01,Kigamba,Kirehe,949.304352,982.434784,968.9949090809824,6,100.0,30153.54583966789,33.130432,999.0,33.13043200000004,Robust,26.8797498380352,972.1202501619648,Kigamba — Kirehe,1.0,972.1202501619648,-3.07,30.54,-2.95,30.35
bananas,2026-06-01,Mutaho,Kinama,946.524937,1004.394979,980.9190965835468,6,100.0,17856.043719477515,57.870042,1033.33,57.87004200000001,Robust,46.9517648329062,986.3782351670936,Mutaho — Kinama,1.0,986.3782351670936,-3.14,29.87,-3.3,29.52
onions,2026-06-01,Mihigo,Marangara,933.421891,977.807297,959.8016668630366,6,100.0,22529.9279677649,44.385406,1000.0,44.38540599999999,Robust,36.0112602739266,963.9887397260734,Mihigo — Marangara,1.0,963.9887397260734,-2.85,29.75,-2.74,29.99
rice,2025-11-01,Mishiha,Twinkwavu,930.399667,967.079889,952.1999865682478,6,100.0,26865.15910399888,36.680222,985.42,36.68022200000007,Robust,29.7598048635042,955.6601951364958,Mishiha — Twinkwavu,1.0,955.6601951364958,-3.01,30.78,-3.26,30.65
onions,2026-06-01,Buyengero,Rumonge,929.5670459999998,959.1556819999998,947.15259170331,6,100.0,32916.35342703867,29.588636,973.9499999999998,29.588636000000065,Robust,24.006180593379604,949.9438194066204,Buyengero — Rumonge,1.0,949.9438194066204,-3.81,29.54,-3.98,29.44
tomatoes,2026-06-01,Ngozi,Kayanza,929.4002274999998,957.9467424999998,946.3664047919416,6,100.0,34057.397198922525,28.546515,972.2199999999998,28.546515,Robust,23.1606754161165,949.0593245838832,Ngozi — Kayanza,1.0,949.0593245838832,-2.91,29.83,-2.93,29.63
potatoes,2026-06-01,Bandaga,Kivyuka,917.348096,976.616032,952.5730721451952,6,100.0,16977.982833753482,59.267936,1006.25,59.26793600000008,Robust,48.0859197096096,958.1640802903904,Bandaga — Kivyuka,1.0,958.1640802903904,-3.07,29.61,-3.03,29.45
bananas,2026-06-01,Makamba,Bururi,907.4937385,947.9045795,931.5112934597724,6,100.0,23956.69023567216,40.410841,968.11,40.410841000000005,Robust,32.786572080455095,935.3234279195448,Makamba — Bururi,1.0,935.3234279195448,-4.14,29.8,-3.95,29.63
potatoes,2026-06-01,Rwibaga,Chez Siyoni,903.1062175,937.2620725,923.4062187957048,6,100.0,27940.743980790405,34.155855,954.34,34.155854999999974,Robust,27.7117074085905,926.6282925914096,Rwibaga — Chez Siyoni,1.0,926.6282925914096,-3.47,29.55,-3.36,29.37
cassava_flour,2026-06-01,Nyabikere,Mwakiro,893.084266,923.781422,911.3286433278242,6,100.0,30593.387869547267,30.697156,939.13,30.697156000000064,Robust,24.9055573443516,914.2244426556484,Nyabikere — Mwakiro,1.0,914.2244426556484,-3.26,30.11,-3.13,30.29
beans,2025-11-01,Biyorwa,Giharo,884.8584665000003,935.4461555000004,914.9244728185864,6,100.0,18991.577179973578,50.587689,960.7400000000002,50.58768899999996,Robust,41.0433653628279,919.6966346371725,Biyorwa — Giharo,1.0,919.6966346371725,-3.46,30.09,-3.78,30.23
rice,2025-11-01,Buhiga,Mwakiro,881.9908290000002,907.196943,896.9716909008275,6,100.0,36491.146552776845,25.206114000000003,919.8000000000002,25.20611399999996,Robust,20.450504198345403,899.3494958016548,Buhiga — Mwakiro,1.0,899.3494958016548,-3.03,30.17,-3.13,30.29
cassava_flour,2026-06-01,Giharo,Buyengero,881.5602315000001,996.9934105,950.1661464527166,6,100.0,9136.97438758054,115.433179,1054.71,115.43317899999988,Robust,93.6545280945669,961.0554719054333,Giharo — Buyengero,1.0,961.0554719054333,-3.78,30.23,-3.81,29.54
bananas,2026-06-01,Kayanza,Mabayi,881.516179,968.605393,933.2762991036224,6,100.0,11621.990296065826,87.08921400000001,1012.15,87.08921399999997,Robust,70.65818779275541,941.4918122072446,Kayanza — Mabayi,1.0,941.4918122072446,-2.93,29.63,-2.72,29.24
potatoes,2026-06-01,Gitaza,Kanyosha,881.489629,903.556543,894.6047561953874,6,100.0,41446.21218898121,22.066914,914.59,22.066914,Robust,17.9035736092254,896.6864263907746,Gitaza — Kanyosha,1.0,896.6864263907746,-3.61,29.35,-3.43,29.36
tomatoes,2026-06-01,Giharo,Rubaho,874.2223435,883.4341145,879.6972163508109,6,100.0,96402.74383720568,9.211771,888.04,9.211771,Robust,7.473796298378101,880.5662037016218,Giharo — Rubaho,1.0,880.5662037016218,-3.78,30.23,-3.85,30.22
bananas,2026-06-01,Giteranyi,Kobero,873.8205555,891.2735185,884.1934526654754,6,100.0,51567.17515530171,17.452963,900.0,17.452963000000068,Robust,14.1601316690493,885.8398683309507,Giteranyi — Kobero,1.0,885.8398683309507,-2.52,30.46,-2.65,30.41
potatoes,2026-06-01,Ngozi,Mabayi,831.434092,943.811364,898.2237761466204,6,100.0,8898.59650624016,112.377272,1000.0,112.37727200000006,Robust,91.1751757067592,908.8248242932408,Ngozi — Mabayi,1.0,908.8248242932408,-2.91,29.83,-2.72,29.24
onions,2026-06-01,Gitega,Kinyinya,823.1714615000003,866.9838205000003,849.2106557894679,6,100.0,20288.5674336778,43.812359,888.8900000000003,43.812359000000015,Robust,35.546329421064904,853.3436705789354,Gitega — Kinyinya,1.0,853.3436705789354,-3.64,30.04,-3.66,30.36
rice,2025-11-01,Bukirasazi,Bururi,817.4542929999998,874.8114309999997,851.5436160668039,6,100.0,15752.006315238388,57.357138,903.4899999999998,57.35713799999996,Robust,46.5356298663918,856.954370133608,Bukirasazi — Bururi,1.0,856.954370133608,-3.7,29.96,-3.95,29.63
tomatoes,2026-06-01,Kirehe,Buhiga,816.9250619999999,850.2083539999999,836.7064690450093,6,100.0,26044.59919409413,33.283292,866.8499999999999,33.28329199999996,Robust,27.0037699099812,839.8462300900187,Kirehe — Buhiga,1.0,839.8462300900187,-2.95,30.35,-3.03,30.17
tomatoes,2026-06-01,Gitobe,Bukeye,815.8661680000004,920.1020560000004,877.817147164742,6,100.0,9327.11390150003,104.235888,972.2200000000004,104.23588800000005,Robust,84.5698176705168,887.6501823294835,Gitobe — Bukeye,1.0,887.6501823294835,-2.65,30.2,-3.19,29.63
onions,2026-06-01,Muramvya,Gatabo,814.3285999999999,826.9961999999999,821.85739107882,6,100.0,65784.36325744417,12.6676,833.3299999999999,12.667599999999991,Robust,10.27761784236,823.05238215764,Muramvya — Gatabo,1.0,823.05238215764,-3.27,29.62,-3.28,29.7
tomatoes,2026-06-01,Gisuru,Kinyinya,813.3616835000001,845.1938945000002,832.280663116969,6,100.0,27051.52965968968,31.832211,861.1100000000001,31.83221100000003,Robust,25.8264627660621,835.283537233938,Gisuru — Kinyinya,1.0,835.283537233938,-3.46,30.5,-3.66,30.36
onions,2026-06-01,Kirundo,Gasorwe,793.5496805000001,838.5898935000001,820.3186307212379,6,100.0,19118.69288895237,45.040213,861.1100000000001,45.040213,Robust,36.5425255575243,824.5674744424758,Kirundo — Gasorwe,1.0,824.5674744424758,-2.58,30.1,-2.85,30.22
tomatoes,2026-06-01,Giteranyi,Kinama,792.4487185,958.5962395,891.1959140123986,6,100.0,6269.548854719295,166.147521,1041.67,166.14752099999998,Robust,134.80065097520313,906.869349024797,Giteranyi — Kinama,1.0,906.869349024797,-2.52,30.46,-3.3,29.52
cassava_flour,2026-06-01,Bujumbura (FAO location),Chez Siyoni,777.5786274999998,780.4995424999998,779.3146279100215,6,100.0,267710.6317712086,2.920915,781.9599999999998,2.9209150000000363,Robust,2.3698291799565,779.5901708200433,Bujumbura (FAO location) — Chez Siyoni,1.0,779.5901708200433,-3.38,29.36,-3.36,29.37
potatoes,2026-06-01,Mabanda,Muyange,770.0103060000001,784.4501020000001,778.5923742137722,6,100.0,54825.56678778565,14.439796,791.6700000000001,14.439796,Robust,11.7154555724556,779.9545444275444,Mabanda — Muyange,1.0,779.9545444275444,-4.27,29.77,-4.31,29.69
rice,2025-11-01,Gitega Centre,Gitaza,769.8799539999997,866.4733179999996,827.2887178665894,6,100.0,9470.319306821111,96.593364,914.7699999999996,96.59336399999997,Robust,78.3692002668204,836.4007997331793,Gitega Centre — Gitaza,1.0,836.4007997331793,-3.43,29.93,-3.61,29.35
rice,2025-11-01,Marangara,Cibitoke,759.9432205,910.5610735,849.4605993229359,6,100.0,6545.505598197578,150.617853,985.87,150.61785299999997,Robust,122.2009483541283,863.6690516458717,Marangara — Cibitoke,1.0,863.6690516458717,-2.74,29.99,-2.9,29.13
bananas,2026-06-01,Buhiga,Mwakiro,755.6708289999998,780.8769429999998,770.6516909008271,6,100.0,31479.664021197383,25.206114000000003,793.4799999999998,25.20611399999996,Robust,20.450504198345403,773.0294958016544,Buhiga — Mwakiro,1.0,773.0294958016544,-3.03,30.17,-3.13,30.29
cassava_flour,2026-06-01,Ngozi,Gasenyi,752.1866165,856.2822055,814.0542111357411,6,100.0,8725.922094547155,104.095589,908.33,104.09558900000002,Robust,84.4559887285179,823.8740112714821,Ngozi — Gasenyi,1.0,823.8740112714821,-2.91,29.83,-2.96,29.19
beans,2025-11-01,Mutaho,Chez Siyoni,750.9115474999999,833.5771824999998,800.0425822116256,6,100.0,10583.72079280586,82.665635,874.9099999999999,82.66563499999995,Robust,67.0692005767485,807.8407994232514,Mutaho — Chez Siyoni,1.0,807.8407994232514,-3.14,29.87,-3.36,29.37
beans,2025-11-01,Masanganzira,Mabayi,748.0078769999998,898.4559589999999,837.4243550690247,6,100.0,6471.86715215153,150.448082,973.6799999999998,150.4480820000001,Robust,122.0632078619502,851.6167921380496,Masanganzira — Mabayi,1.0,851.6167921380496,-2.81,30.1,-2.72,29.24
maize_flour,2026-06-01,Mutaho,Chez Siyoni,746.6515475000001,829.3171825000001,795.7825822116258,6,100.0,10532.187891619053,82.665635,870.6500000000001,82.66563499999995,Robust,67.0692005767485,803.5807994232516,Mutaho — Chez Siyoni,1.0,803.5807994232516,-3.14,29.87,-3.36,29.37
bananas,2026-06-01,Gitobe,Muyinga,744.1293274999999,785.0764425,768.4656085726117,6,100.0,19672.93666476869,40.947115,805.55,40.94711500000005,Robust,33.2216678547765,772.3283321452235,Gitobe — Muyinga,1.0,772.3283321452235,-2.65,30.2,-2.85,30.34
rice,2025-11-01,Gihogazi,Rwibaga,740.7834204999999,823.3144735,789.8344684926758,6,100.0,10475.814479187608,82.531053,864.5799999999999,82.53105300000004,Robust,66.9600100146483,797.6199899853516,Gihogazi — Rwibaga,1.0,797.6199899853516,-3.12,30.0,-3.47,29.55
onions,2026-06-01,Nyagasasa,Kayero,738.3414264999999,826.3604754999999,790.654179576938,6,100.0,9888.427674332175,88.019049,870.3699999999999,88.019049,Robust,71.41259184612389,798.957408153876,Nyagasasa — Kayero,1.0,798.957408153876,-3.59,29.59,-3.81,30.12
onions,2026-06-01,Muyange,Mabanda,736.670306,751.110102,745.2523742137721,6,100.0,52516.66990309281,14.439796,758.3299999999999,14.439796,Robust,11.7154555724556,746.6145444275443,Muyange — Mabanda,1.0,746.6145444275443,-4.31,29.69,-4.27,29.77
bananas,2026-06-01,Marangara,Cibitoke,720.9532205,871.5710735,810.4705993229359,6,100.0,6286.638543440134,150.617853,946.88,150.61785299999997,Robust,122.2009483541283,824.6790516458717,Marangara — Cibitoke,1.0,824.6790516458717,-2.74,29.99,-2.9,29.13
potatoes,2026-06-01,Bukirasazi,Gitega,712.9743144999999,726.5447714999999,721.0397045973436,6,100.0,54038.71070812131,13.570457,733.3299999999999,13.570457000000031,Robust,11.0101338053127,722.3198661946873,Bukirasazi — Gitega,1.0,722.3198661946873,-3.7,29.96,-3.64,30.04
beans,2025-11-01,Kirundo,Rugombo,711.3575169999999,897.205839,821.813577239293,6,100.0,5327.624104133693,185.848322,990.13,185.84832200000005,Robust,150.7845235214142,839.3454764785859,Kirundo — Rugombo,1.0,839.3454764785859,-2.58,30.1,-2.81,29.08
cassava_flour,2026-06-01,Mabanda,Rumonge,709.9825955,782.4941985,753.0787391876233,6,100.0,11291.296373630024,72.51160300000001,818.75,72.51160300000004,Robust,58.83091862475331,759.9190813752467,Mabanda — Rumonge,1.0,759.9190813752467,-4.27,29.77,-3.98,29.44
bananas,2026-06-01,Gihamagara,Biyorwa,699.1593549999999,721.9397849999999,712.6985493348134,6,100.0,32191.22729465598,22.78043,733.3299999999999,22.780430000000024,Robust,18.482471330373,714.847528669627,Gihamagara — Biyorwa,1.0,714.847528669627,-3.62,30.02,-3.46,30.09
maize,2026-06-01,Twinkwavu,Cankuzo,696.3964004999999,716.1921335,708.1616865849018,6,100.0,36679.11665609957,19.795733,726.0899999999999,19.79573300000004,Robust,16.0608938301963,710.0291061698036,Twinkwavu — Cankuzo,1.0,710.0291061698036,-3.26,30.65,-3.22,30.55
beans,2025-11-01,Kayero,Rubaho,696.12487,710.74829,704.8160722828189,6,100.0,49103.42450671594,14.62342,718.06,14.62342000000001,Robust,11.864435434362,706.1955645656379,Kayero — Rubaho,1.0,706.1955645656379,-3.81,30.12,-3.85,30.22
cassava_flour,2026-06-01,Bukirasazi,Burambi,691.83742,797.27914,754.505066663254,6,100.0,8061.325251522831,105.44172,850.0,105.44172000000005,Robust,85.548146673492,764.451853326508,Bukirasazi — Burambi,1.0,764.451853326508,-3.7,29.96,-3.75,29.42
rice,2025-11-01,Biyorwa,Nyabihanga,679.6167635000002,720.2922545000001,703.791609071965,6,100.0,18208.262071132714,40.675491,740.6300000000001,40.675490999999965,Robust,33.001290856070106,707.62870914393,Biyorwa — Nyabihanga,1.0,707.62870914393,-3.46,30.09,-3.47,29.81
rice,2025-11-01,Muzinda,Musenyi,668.273215,679.7044050000001,675.0671650214956,6,100.0,59960.51154779162,11.43119,685.4200000000001,11.431190000000017,Robust,9.274479957009,676.145520042991,Muzinda — Musenyi,1.0,676.145520042991,-3.26,29.42,-3.17,29.4
potatoes,2026-06-01,Gitega Centre,Gisuru,663.4968105,752.0456035000001,716.1244086858189,6,100.0,8993.007956641486,88.548793,796.32,88.54879300000005,Robust,71.8423896283623,724.4776103716378,Gitega Centre — Gisuru,1.0,724.4776103716378,-3.43,29.93,-3.46,30.5
potatoes,2026-06-01,Kirehe,Kigamba,662.8043520000001,695.9347840000001,682.4949090809826,6,100.0,21505.90731808146,33.130432,712.5000000000001,33.13043200000004,Robust,26.8797498380352,685.6202501619649,Kirehe — Kigamba,1.0,685.6202501619649,-2.95,30.35,-3.07,30.54
beans,2025-11-01,Mwaro,Buyengero,652.440671,702.533557,682.2125988497226,6,100.0,14524.617327897617,50.092886,727.5799999999999,50.09288600000002,Robust,40.6419163005546,686.9380836994453,Mwaro — Buyengero,1.0,686.9380836994453,-3.52,29.71,-3.81,29.54
beans,2025-11-01,Ngozi,Gasenyi,648.8866165000002,752.9822055000002,710.7542111357412,6,100.0,7733.564964025519,104.095589,805.0300000000002,104.09558900000002,Robust,84.4559887285179,720.5740112714823,Ngozi — Gasenyi,1.0,720.5740112714823,-2.91,29.83,-2.96,29.19
potatoes,2026-06-01,Gihogazi,Kayanza,647.6189855,704.7663285,681.5836201708664,6,100.0,12832.442621173132,57.147343,733.34,57.14734299999998,Robust,46.3654166582673,686.9745833417327,Gihogazi — Kayanza,1.0,686.9745833417327,-3.12,30.0,-2.93,29.63
rice,2025-11-01,Rubaho,Kayero,646.81487,661.43829,655.506072282819,6,100.0,45731.436285082425,14.62342,668.75,14.62342000000001,Robust,11.864435434362,656.885564565638,Rubaho — Kayero,1.0,656.885564565638,-3.85,30.22,-3.81,30.12
bananas,2026-06-01,Bukeye,Kanyosha,636.285952,694.9619839999999,671.1591392069024,6,100.0,12344.052167672142,58.676032,724.3,58.67603199999997,Robust,47.6056895861952,676.6943104138047,Bukeye — Kanyosha,1.0,676.6943104138047,-3.19,29.63,-3.43,29.36
maize_flour,2026-06-01,Wimpfizi,Buyengero,635.1601425000001,693.4800475000001,669.8216711622274,6,100.0,12390.96668624546,58.319905,722.6400000000001,58.31990499999995,Robust,47.31675267554549,675.3232473244547,Wimpfizi — Buyengero,1.0,675.3232473244547,-3.61,29.79,-3.81,29.54
rice,2025-11-01,Bukeye,Kanyosha,630.735952,689.411984,665.6091392069025,6,100.0,12249.464994497244,58.676032,718.75,58.67603199999997,Robust,47.6056895861952,671.1443104138048,Bukeye — Kanyosha,1.0,671.1443104138048,-3.19,29.63,-3.43,29.36
onions,2026-06-01,Musenyi,Kanyosha,630.361553,663.1738509999999,649.8630320850659,6,100.0,20711.137025514025,32.812298000000006,679.5799999999999,32.81229799999994,Robust,26.621637829867804,652.9583621701321,Musenyi — Kanyosha,1.0,652.9583621701321,-3.17,29.4,-3.43,29.36
maize,2026-06-01,Kayongozi,Chez Siyoni,629.5336579999998,783.2778859999999,720.9091491890545,6,100.0,5594.681577249196,153.744228,860.1499999999999,153.74422800000002,Robust,124.7374736218908,735.4125263781091,Kayongozi — Chez Siyoni,1.0,735.4125263781091,-3.27,30.34,-3.36,29.37
beans,2025-11-01,Gitega Centre,Burambi,628.4684739999998,732.1761579999998,690.1055233309136,6,100.0,7559.999122147977,103.707684,784.0299999999997,103.70768399999996,Robust,84.14126933817239,699.8887306618274,Gitega Centre — Burambi,1.0,699.8887306618274,-3.43,29.93,-3.75,29.42
rice,2025-11-01,Kinama,Bujumbura (FAO location),626.1452380000003,653.8617460000003,642.6181135381009,6,100.0,24091.05793558121,27.716508,667.7200000000003,27.716507999999976,Robust,22.4872649237988,645.2327350762015,Kinama — Bujumbura (FAO location),1.0,645.2327350762015,-3.3,29.52,-3.38,29.36
onions,2026-06-01,Rusaka,Kayongozi,625.9660204999997,735.2286734999997,690.9045792762955,6,100.0,7229.002576022016,109.262653,789.8599999999997,109.262653,Robust,88.6481884474083,701.2118115525914,Rusaka — Kayongozi,1.0,701.2118115525914,-3.44,29.63,-3.27,30.34
maize,2026-06-01,Marangara,Mabayi,625.4813310000001,773.7737770000001,713.6166403325649,6,100.0,5717.890714406317,148.29244599999998,847.9200000000001,148.29244600000004,Robust,120.31427333487058,727.6057266651295,Marangara — Mabayi,1.0,727.6057266651295,-2.74,29.99,-2.72,29.24
tomatoes,2026-06-01,Mishiha,Twinkwavu,621.6096670000001,658.2898890000001,643.4099865682481,6,100.0,18446.72586768968,36.680222,676.6300000000001,36.68022200000007,Robust,29.7598048635042,646.8701951364959,Mishiha — Twinkwavu,1.0,646.8701951364959,-3.01,30.78,-3.26,30.65
onions,2026-06-01,Mukenke,Kobero,620.9832919999999,637.5477639999999,630.8281283556603,6,100.0,38988.86725758598,16.564472000000002,645.8299999999999,16.564472000000023,Robust,13.4392712886792,632.3907287113208,Mukenke — Kobero,1.0,632.3907287113208,-2.58,30.33,-2.65,30.41
beans,2025-11-01,Mukenke,Gasorwe,615.1408935000001,655.5069645000001,639.1318401064459,6,100.0,16739.057908311162,40.366071000000005,675.69,40.366071000000034,Robust,32.750248787108106,642.9397512128919,Mukenke — Gasorwe,1.0,642.9397512128919,-2.58,30.33,-2.85,30.22
onions,2026-06-01,Bukirasazi,Giharo,608.2966860000004,655.6655620000004,636.4496408645786,6,100.0,14341.695589314815,47.36887599999999,679.3500000000004,47.368876,Robust,38.4318422708436,640.9181577291567,Bukirasazi — Giharo,1.0,640.9181577291567,-3.7,29.96,-3.78,30.23
potatoes,2026-06-01,Kayogoro,Bururi,606.2454095,660.0551365,638.2263840011951,6,100.0,12766.46506680846,53.809727,686.96,53.80972699999995,Robust,43.6575049976097,643.3024950023903,Kayogoro — Bururi,1.0,643.3024950023903,-4.12,29.95,-3.95,29.63
maize_flour,2026-06-01,Nyabikere,Nyabihanga,598.568655,649.522885,628.8525092622235,6,100.0,13247.182814851682,50.95423,675.0,50.95422999999994,Robust,41.340751475553,633.659248524447,Nyabikere — Nyabihanga,1.0,633.659248524447,-3.26,30.11,-3.47,29.81
maize_flour,2026-06-01,Kinama,Muzinda,596.1388155000002,617.2329385000002,608.6757794914377,6,100.0,29760.8959614012,21.094123,627.7800000000002,21.094122999999968,Robust,17.1143180171253,610.665681982875,Kinama — Muzinda,1.0,610.665681982875,-3.3,29.52,-3.26,29.42
beans,2025-11-01,Ruyigi,Kinyinya,595.096551,632.045517,617.0565943856786,6,100.0,17605.905399355426,36.948966,650.52,36.94896600000004,Robust,29.9778452286426,620.5421547713573,Ruyigi — Kinyinya,1.0,620.5421547713573,-3.48,30.25,-3.66,30.36
rice,2025-11-01,Muramvya,Kamenge,592.6206625,636.4268874999999,618.6562111419512,6,100.0,15028.229435428411,43.806225,658.3299999999999,43.80622499999993,Robust,35.5413527160975,622.7886472839024,Muramvya — Kamenge,1.0,622.7886472839024,-3.27,29.62,-3.35,29.38
onions,2026-06-01,Matana,Bururi,592.2373780000003,617.6991260000003,607.3701719936189,6,100.0,24759.88687029658,25.461748,630.4300000000003,25.461748000000057,Robust,20.6579080127628,609.7720919872374,Matana — Bururi,1.0,609.7720919872374,-3.77,29.69,-3.95,29.63
potatoes,2026-06-01,Kirundo,Ruhehe,591.0393635,611.8264545000001,603.393847796585,6,100.0,29933.00024520025,20.787091,622.22,20.787091000000032,Robust,16.865213406830097,605.3547865931699,Kirundo — Ruhehe,1.0,605.3547865931699,-2.58,30.1,-2.44,30.03
tomatoes,2026-06-01,Muyange,Mabanda,586.670306,601.110102,595.2523742137721,6,100.0,42128.71151365296,14.439796,608.3299999999999,14.439796,Robust,11.7154555724556,596.6145444275443,Muyange — Mabanda,1.0,596.6145444275443,-4.31,29.69,-4.27,29.77
bananas,2026-06-01,Kivyuka,Bubanza,585.215279,599.0450930000001,593.4348138972923,6,100.0,43815.48443095475,13.829814,605.96,13.829814000000056,Robust,11.2205582054154,594.7394417945846,Kivyuka — Bubanza,1.0,594.7394417945846,-3.03,29.45,-3.08,29.39
tomatoes,2026-06-01,Mabayi,Bubanza,584.8939990000001,663.3313330000002,631.5120087623566,6,100.0,8956.83170465738,78.437334,702.5500000000002,78.43733400000008,Robust,63.63864847528741,638.9113515247128,Mabayi — Bubanza,1.0,638.9113515247128,-2.72,29.24,-3.08,29.39
tomatoes,2026-06-01,Kayero,Rutana,583.620547,611.206849,600.0160366267039,6,100.0,22656.1718928474,27.586302,625.0,27.58630200000005,Robust,22.3816247465922,602.6183752534077,Kayero — Rutana,1.0,602.6183752534077,-3.81,30.12,-3.93,29.99
beans,2025-11-01,Ruhehe,Cibitoke,579.9924575,776.6641525,696.8812211783927,6,100.0,4449.0387902539815,196.671695,875.0,196.671695,Robust,159.5658626432145,715.4341373567855,Ruhehe — Cibitoke,1.0,715.4341373567855,-2.44,30.03,-2.9,29.13
potatoes,2026-06-01,Gasorwe,Kobero,577.7800975000001,612.0400325,598.1419571252608,6,100.0,18364.599932837005,34.259935,629.1700000000001,34.25993499999993,Robust,27.7961507494785,601.3738492505215,Gasorwe — Kobero,1.0,601.3738492505215,-2.85,30.22,-2.65,30.41
beans,2025-11-01,Gihogazi,Rwibaga,572.0434205000001,654.5744735000002,621.094468492676,6,100.0,8431.250719653366,82.531053,695.8400000000001,82.53105300000004,Robust,66.9600100146483,628.8799899853518,Gihogazi — Rwibaga,1.0,628.8799899853518,-3.12,30.0,-3.47,29.55
potatoes,2026-06-01,Rutana,Kayero,553.060547,580.6468490000001,569.456036626704,6,100.0,21548.37571197473,27.586302,594.44,27.58630200000005,Robust,22.3816247465922,572.0583752534078,Rutana — Kayero,1.0,572.0583752534078,-3.93,29.99,-3.81,30.12
maize,2026-06-01,Gihamagara,Burambi,544.0044480000001,659.114816,612.4185052545777,6,100.0,6225.937875552618,115.110368,716.6700000000001,115.11036799999988,Robust,93.3926214908448,623.2773785091553,Gihamagara — Burambi,1.0,623.2773785091553,-3.62,30.02,-3.75,29.42
beans,2025-11-01,Nyabihanga,Gitaza,543.8877894999999,622.9625965,590.8846714272012,6,100.0,8378.14248474865,79.074807,662.5,79.07480700000008,Robust,64.1558501455977,598.3441498544023,Nyabihanga — Gitaza,1.0,598.3441498544023,-3.47,29.81,-3.61,29.35
onions,2026-06-01,Biyorwa,Twinkwavu,541.3079194999996,626.0893064999996,591.6964185128818,6,100.0,7884.749514654666,84.78138700000001,668.4799999999996,84.781387,Robust,68.7857759742357,599.6942240257639,Biyorwa — Twinkwavu,1.0,599.6942240257639,-3.46,30.09,-3.26,30.65
maize,2026-06-01,Mutaho,Kamenge,538.1499450000001,619.6633150000001,586.5961489265966,6,100.0,8101.983760455495,81.51337,660.4200000000001,81.51337000000001,Robust,66.134332146807,594.2856678531931,Mutaho — Kamenge,1.0,594.2856678531931,-3.14,29.87,-3.35,29.38
maize_flour,2026-06-01,Muyinga,Mukenke,536.2449955000001,573.1949985000001,558.2056552105034,6,100.0,16012.7185916602,36.950003,591.6700000000001,36.95000300000004,Robust,29.9786865789933,561.6913134210067,Muyinga — Mukenke,1.0,561.6913134210067,-2.85,30.34,-2.58,30.33
maize_flour,2026-06-01,Kayongozi,Ruyigi,534.780183,565.3000609999999,552.919197905197,6,100.0,19022.35651138579,30.519878,580.56,30.51987799999995,Robust,24.761726189605795,555.7982738103941,Kayongozi — Ruyigi,1.0,555.7982738103941,-3.27,30.34,-3.48,30.25
potatoes,2026-06-01,Buyengero,Burambi,531.874456,566.1781520000001,552.2623242951272,6,100.0,17004.873177514164,34.303696,583.33,34.30369600000006,Robust,27.831655409745604,555.4983445902544,Buyengero — Burambi,1.0,555.4983445902544,-3.81,29.54,-3.75,29.42
cassava_flour,2026-06-01,Gihogazi,Mabayi,525.3181439999998,669.5460479999998,611.0377559984927,6,100.0,5142.278154440904,144.22790400000002,741.6599999999999,144.22790399999997,Robust,117.01658400301442,624.6434159969855,Gihogazi — Mabayi,1.0,624.6434159969855,-3.12,30.0,-2.72,29.24
tomatoes,2026-06-01,Kobero,Muyinga,522.0994095,549.0331365,538.1070513229952,6,100.0,20884.595733817307,26.933727,562.5,26.933726999999976,Robust,21.8521703540097,540.6478296459903,Kobero — Muyinga,1.0,540.6478296459903,-2.65,30.41,-2.85,30.34
cassava_flour,2026-06-01,Mutaho,Musenyi,510.8194065,600.2731355,563.984839325664,6,100.0,7210.431663502814,89.45372900000001,645.0,89.45372899999995,Robust,72.57659234867191,572.423407651328,Mutaho — Musenyi,1.0,572.423407651328,-3.14,29.87,-3.17,29.4
rice,2025-11-01,Gitega,Rutana,509.260051,548.920017,532.8313350796287,6,100.0,14340.657780695024,39.659966,568.75,39.65996600000005,Robust,32.17736384074259,536.5726361592574,Gitega — Rutana,1.0,536.5726361592574,-3.64,30.04,-3.93,29.99
potatoes,2026-06-01,Gatabo,Kinama,502.60877950000014,534.2029265000001,521.3862694804643,6,100.0,17408.287680626418,31.594147,550.0000000000001,31.594146999999964,Robust,25.6333140390717,524.3666859609284,Gatabo — Kinama,1.0,524.3666859609284,-3.28,29.7,-3.3,29.52
tomatoes,2026-06-01,Gitega,Gihamagara,492.4301435,497.4767145,495.42949449967097,6,100.0,99077.1753731395,5.046571,500.0,5.046571000000029,Robust,4.0944400006581,495.9055599993419,Gitega — Gihamagara,1.0,495.9055599993419,-3.64,30.04,-3.62,30.02
maize,2026-06-01,Gitega,Buyengero,488.2771855,579.4257285,542.4499046722063,6,100.0,6856.939007790832,91.148543,625.0,91.14854300000002,Robust,73.95164765558731,551.0483523444127,Gitega — Buyengero,1.0,551.0483523444127,-3.64,30.04,-3.81,29.54
bananas,2026-06-01,Mwaro,Burambi,486.3290810000001,558.4030270000001,529.1651100552398,6,100.0,8247.640555159836,72.07394599999999,594.44,72.07394599999998,Robust,58.475833889520594,535.9641661104795,Mwaro — Burambi,1.0,535.9641661104795,-3.52,29.71,-3.75,29.42
cassava_flour,2026-06-01,Kayanza,Cibitoke,485.3280685,574.7426895000001,538.4702580939935,6,100.0,6927.837898009992,89.414621,619.45,89.41462100000007,Robust,72.54486281201311,546.905137187987,Kayanza — Cibitoke,1.0,546.905137187987,-2.93,29.63,-2.9,29.13
rice,2025-11-01,Nyabikere,Mwaro,484.87140850000026,550.2704695000002,523.7403234499518,6,100.0,8914.042359109715,65.399061,582.9700000000003,65.39906099999996,Robust,53.0602921000971,529.9097078999032,Nyabikere — Mwaro,1.0,529.9097078999032,-3.26,30.11,-3.52,29.71
maize,2026-06-01,Gitega Centre,Kanyosha,482.7581760000001,571.559392,535.5357978706913,6,100.0,6936.391501665923,88.801216,615.96,88.80121599999995,Robust,72.0471882586176,543.9128117413825,Gitega Centre — Kanyosha,1.0,543.9128117413825,-3.43,29.93,-3.43,29.36
beans,2025-11-01,Kigamba,Twinkwavu,482.3774380000001,517.7391460000001,503.3941192752407,6,100.0,15141.23695608821,35.361708,535.4200000000001,35.36170800000002,Robust,28.6900534495188,506.72994655048126,Kigamba — Twinkwavu,1.0,506.72994655048126,-3.07,30.54,-3.26,30.65
tomatoes,2026-06-01,Nyabikere,Rusaka,470.8171044999999,545.8257014999999,515.3972977432666,6,100.0,7776.841899869157,75.008597,583.3299999999999,75.00859700000001,Robust,60.85680751346669,522.4731924865332,Nyabikere — Rusaka,1.0,522.4731924865332,-3.26,30.11,-3.44,29.63
rice,2025-11-01,Mihigo,Jene,467.277641,489.092547,480.2429911593117,6,100.0,22920.10792987144,21.814906,500.0,21.814906000000008,Robust,17.699111681376603,482.3008883186234,Mihigo — Jene,1.0,482.3008883186234,-2.85,29.75,-2.85,29.61
bananas,2026-06-01,Kigamba,Gisuru,462.06962650000014,513.7498755000001,492.78497886527816,6,100.0,10440.93266655894,51.680249,539.5900000000001,51.680249,Robust,41.9297932694439,497.6602067305562,Kigamba — Gisuru,1.0,497.6602067305562,-3.07,30.54,-3.46,30.5
onions,2026-06-01,Mishiha,Cankuzo,452.73599250000007,491.19199750000007,475.59172108087233,6,100.0,13272.829561989083,38.456005,510.4200000000001,38.456005000000005,Robust,31.200552838255497,479.2194471617446,Mishiha — Cankuzo,1.0,479.2194471617446,-3.01,30.78,-3.22,30.55
tomatoes,2026-06-01,Buyengero,Burambi,448.544456,482.848152,468.9323242951272,6,100.0,14575.688870377116,34.303696,500.0,34.30369600000006,Robust,27.831655409745604,472.1683445902544,Buyengero — Burambi,1.0,472.1683445902544,-3.81,29.54,-3.75,29.42
maize,2026-06-01,Mwaro,Rwibaga,439.3372365,464.9657455,454.569142300835,6,100.0,18642.520327655428,25.628509,477.78,25.628509000000008,Robust,20.7932063983299,456.98679360167006,Mwaro — Rwibaga,1.0,456.98679360167006,-3.52,29.71,-3.47,29.55
rice,2025-11-01,Muhanga,Bandaga,439.011707,472.030569,458.6359541863959,6,100.0,14795.785511929513,33.018862,488.54,33.01886200000001,Robust,26.7892296272082,461.7507703727918,Muhanga — Bandaga,1.0,461.7507703727918,-3.03,29.83,-3.07,29.61
beans,2025-11-01,Gatabo,Rusaka,435.7421529999998,461.2140509999998,450.8809794882859,6,100.0,18606.77991094342,25.471898,473.9499999999998,25.47189800000001,Robust,20.6661430234278,453.283856976572,Gatabo — Rusaka,1.0,453.283856976572,-3.28,29.7,-3.44,29.63
bananas,2026-06-01,Rusaka,Rwibaga,435.0674614999999,446.9558204999999,442.1331228076675,6,100.0,38096.09046967709,11.888359,452.8999999999999,11.88835899999998,Robust,9.6453953846649,443.25460461533504,Rusaka — Rwibaga,1.0,443.25460461533504,-3.44,29.63,-3.47,29.55
rice,2025-11-01,Ngozi,Bubanza,433.1149879999998,512.0049959999998,480.0020375151754,6,100.0,6990.112106466003,78.890008,551.4499999999998,78.89000799999997,Robust,64.0059169696488,487.444083030351,Ngozi — Bubanza,1.0,487.444083030351,-2.91,29.83,-3.08,29.39
rice,2025-11-01,Mukenke,Gasorwe,432.5108935000004,472.8769645000004,456.5018401064464,6,100.0,12214.713688632226,40.366071000000005,493.0600000000004,40.36607099999998,Robust,32.750248787108106,460.3097512128923,Mukenke — Gasorwe,1.0,460.3097512128923,-2.58,30.33,-2.85,30.22
beans,2025-11-01,Gihamagara,Rumonge,425.1763720000002,526.9121240000002,485.6414342102567,6,100.0,5679.222777062681,101.735752,577.7800000000002,101.73575199999992,Robust,82.5413795794872,495.238620420513,Gihamagara — Rumonge,1.0,495.238620420513,-3.62,30.02,-3.98,29.44
beans,2025-11-01,Mwakiro,Kirehe,424.92518,450.33506,440.027147054366,6,100.0,18222.833008262925,25.40988,463.04,25.409879999999987,Robust,20.615825891268,442.424174108732,Mwakiro — Kirehe,1.0,442.424174108732,-3.13,30.29,-2.95,30.35
cassava_flour,2026-06-01,Bukeye,Bubanza,418.801155,485.280385,458.31205159847343,6,100.0,7799.729328994936,66.47923,518.52,66.47922999999997,Robust,53.936666803053,464.58333319694697,Bukeye — Bubanza,1.0,464.58333319694697,-3.19,29.63,-3.08,29.39
maize_flour,2026-06-01,Rubaho,Kayero,416.9548700000001,431.5782900000001,425.6460722828191,6,100.0,30012.81505967825,14.62342,438.8900000000001,14.62342000000001,Robust,11.864435434362,427.0255645656381,Rubaho — Kayero,1.0,427.0255645656381,-3.85,30.22,-3.81,30.12
potatoes,2026-06-01,Buhiga,Muyinga,416.1530485,448.3843495,435.3092210526194,6,100.0,14411.456738901106,32.231301,464.5,32.231300999999974,Robust,26.1502568947611,438.3497431052389,Buhiga — Muyinga,1.0,438.3497431052389,-3.03,30.17,-2.85,30.34
cassava_flour,2026-06-01,Kayogoro,Bururi,412.7654095,466.5751365,444.7463840011952,6,100.0,9170.832626599276,53.809727,493.48,53.80972700000001,Robust,43.6575049976097,449.8224950023903,Kayogoro — Bururi,1.0,449.8224950023903,-4.12,29.95,-3.95,29.63
bananas,2026-06-01,Kayogoro,Rutana,408.7416285,436.2472095,425.0891428555655,6,100.0,16360.316111846538,27.505581,450.0,27.505581000000006,Robust,22.3161332888691,427.6838667111309,Kayogoro — Rutana,1.0,427.6838667111309,-4.12,29.95,-3.93,29.99
tomatoes,2026-06-01,Gasorwe,Mutaho,408.046211,469.348737,444.4804140738207,6,100.0,8156.270754650469,61.302526,500.0,61.30252600000006,Robust,49.7366458523586,450.2633541476414,Gasorwe — Mutaho,1.0,450.2633541476414,-2.85,30.22,-3.14,29.87
beans,2025-11-01,Mihigo,Jene,406.4076410000001,428.2225470000001,419.3729911593118,6,100.0,20129.81399048889,21.814906,439.1300000000001,21.814906000000008,Robust,17.699111681376603,421.4308883186235,Mihigo — Jene,1.0,421.4308883186235,-2.85,29.75,-2.85,29.61
maize_flour,2026-06-01,Mishiha,Gisuru,405.035728,473.89857599999993,445.9632908915136,6,100.0,7381.7742768931075,68.862848,508.3299999999999,68.86284799999999,Robust,55.8705702169728,452.45942978302713,Mishiha — Gisuru,1.0,452.45942978302713,-3.01,30.78,-3.46,30.5
bananas,2026-06-01,Kayero,Giharo,403.9001815000001,422.4000605000001,414.89529691053167,6,100.0,23332.58504015081,18.499879,431.6500000000001,18.49987900000002,Robust,15.0095271789369,416.6404728210632,Kayero — Giharo,1.0,416.6404728210632,-3.81,30.12,-3.78,30.23
beans,2025-11-01,Busoni,Marangara,400.6261684999999,445.1353894999999,427.07953188296335,6,100.0,10500.970124819753,44.509221,467.3899999999999,44.50922099999997,Robust,36.111715234073095,431.2782847659268,Busoni — Marangara,1.0,431.2782847659268,-2.53,30.22,-2.74,29.99
maize_flour,2026-06-01,Giharo,Kinyinya,394.4309010000001,416.8969670000001,407.7832579797738,6,100.0,19056.740953222525,22.466066,428.1300000000001,22.46606600000001,Robust,18.2274180404526,409.9025819595475,Giharo — Kinyinya,1.0,409.9025819595475,-3.78,30.23,-3.66,30.36
maize_flour,2026-06-01,Makamba,Muyange,394.1193415000001,425.8197805000001,412.9600044778237,6,100.0,13932.614624043536,31.700439,441.6700000000001,31.700439000000017,Robust,25.7195520443529,415.9504479556472,Makamba — Muyange,1.0,415.9504479556472,-4.14,29.8,-4.31,29.69
maize_flour,2026-06-01,Nyagasasa,Gitaza,393.3850734999999,442.2350244999999,422.4182822601119,6,100.0,9552.926675402394,48.849951,466.6599999999999,48.849950999999976,Robust,39.633484479776094,427.0265155202238,Nyagasasa — Gitaza,1.0,427.0265155202238,-3.59,29.59,-3.61,29.35
bananas,2026-06-01,Buyengero,Rumonge,393.117046,422.705682,410.7025917033102,6,100.0,14786.082062045714,29.588636,437.5,29.588636000000008,Robust,24.006180593379604,413.4938194066204,Buyengero — Rumonge,1.0,413.4938194066204,-3.81,29.54,-3.98,29.44
rice,2025-11-01,Kayogoro,Mabanda,392.6972809999996,426.5524269999996,412.8185605775793,6,100.0,13099.337985427668,33.855146,443.4799999999996,33.85514599999999,Robust,27.4677328448406,416.012267155159,Kayogoro — Mabanda,1.0,416.012267155159,-4.12,29.95,-4.27,29.77
beans,2025-11-01,Bukirasazi,Bururi,392.4542930000002,449.8114310000002,426.54361606680425,6,100.0,8342.292113668576,57.357138,478.4900000000002,57.35713800000002,Robust,46.5356298663918,431.9543701336084,Bukirasazi — Bururi,1.0,431.9543701336084,-3.7,29.96,-3.95,29.63
rice,2025-11-01,Gihamagara,Burambi,390.874448,505.984816,459.2885052545776,6,100.0,4895.64936496424,115.110368,563.54,115.110368,Robust,93.3926214908448,470.1473785091552,Gihamagara — Burambi,1.0,470.1473785091552,-3.62,30.02,-3.75,29.42
beans,2025-11-01,Kayogoro,Muyange,382.0999025000001,429.2999675000001,410.15252717173934,6,100.0,9595.325769148836,47.200065,452.9000000000001,47.200065,Robust,38.2948806565215,414.6051193434786,Kayogoro — Muyange,1.0,414.6051193434786,-4.12,29.95,-4.31,29.69
maize_flour,2026-06-01,Gatabo,Kamenge,379.643789,434.881263,412.4733227291793,6,100.0,8372.938994277689,55.237474,462.5,55.23747400000002,Robust,44.8158805416414,417.6841194583586,Gatabo — Kamenge,1.0,417.6841194583586,-3.28,29.7,-3.35,29.38
onions,2026-06-01,Busoni,Giteranyi,371.376283,415.458761,397.5760183167671,6,100.0,9924.578196352755,44.082478,437.5,44.08247799999998,Robust,35.7654853664658,401.7345146335342,Busoni — Giteranyi,1.0,401.7345146335342,-2.53,30.22,-2.52,30.46
maize,2026-06-01,Bukirasazi,Matana,370.71667350000007,413.8522245000001,396.353617479032,6,100.0,10094.225990065595,43.135551,435.4200000000001,43.13555100000002,Robust,34.997214041936104,400.422785958064,Bukirasazi — Matana,1.0,400.422785958064,-3.7,29.96,-3.77,29.69
potatoes,2026-06-01,Wimpfizi,Mwaro,369.0830885,387.7610295,380.1840322913675,6,100.0,21260.37339983032,18.677941,397.1,18.677940999999976,Robust,15.153994417265102,381.9460055827349,Wimpfizi — Mwaro,1.0,381.9460055827349,-3.61,29.79,-3.52,29.71
cassava_flour,2026-06-01,Gitobe,Giteranyi,367.5878865,409.5692955,392.53888412824006,6,100.0,10255.968302540774,41.981409,430.56,41.98140899999999,Robust,34.0608227435199,396.4991772564801,Gitobe — Giteranyi,1.0,396.4991772564801,-2.65,30.2,-2.52,30.46
cassava_flour,2026-06-01,Ruyigi,Biyorwa,365.907295,388.635765,379.4156077167915,6,100.0,17599.072880840635,22.72847,400.0,22.728470000000016,Robust,18.440314566417,381.559685433583,Ruyigi — Biyorwa,1.0,381.559685433583,-3.48,30.25,-3.46,30.09
maize_flour,2026-06-01,Kobero,Giteranyi,365.4905555000001,382.9435185000001,375.8634526654754,6,100.0,22441.46165897447,17.452963,391.6700000000001,17.45296300000001,Robust,14.1601316690493,377.5098683309508,Kobero — Giteranyi,1.0,377.5098683309508,-2.65,30.41,-2.52,30.46
maize_flour,2026-06-01,Ngozi,Bubanza,360.3649880000001,439.2549960000001,407.2520375151757,6,100.0,6067.942089700385,78.890008,478.7000000000001,78.89000800000002,Robust,64.0059169696488,414.6940830303513,Ngozi — Bubanza,1.0,414.6940830303513,-2.91,29.83,-3.08,29.39
beans,2025-11-01,Rutana,Mabanda,359.35795100000007,418.39931700000005,394.44826878885874,6,100.0,7586.545338398844,59.041366,447.9200000000001,59.04136599999998,Robust,47.9020964222826,400.0179035777175,Rutana — Mabanda,1.0,400.0179035777175,-3.93,29.99,-4.27,29.77
potatoes,2026-06-01,Marangara,Busoni,358.2361685,402.7453895,384.6895318829635,6,100.0,9548.583202568296,44.509221,425.0,44.50922099999997,Robust,36.111715234073095,388.8882847659269,Marangara — Busoni,1.0,388.8882847659269,-2.74,29.99,-2.53,30.22
beans,2025-11-01,Muramvya,Kamenge,352.3506625,396.1568875,378.38621114195126,6,100.0,9543.39252012699,43.806225,418.06,43.80622499999998,Robust,35.5413527160975,382.5186472839025,Muramvya — Kamenge,1.0,382.5186472839025,-3.27,29.62,-3.35,29.38
maize_flour,2026-06-01,Gasorwe,Busoni,349.853336,399.951112,379.6281701451832,6,100.0,8483.410521057862,50.097776,425.0,50.09777600000001,Robust,40.6458837096336,384.3541162903664,Gasorwe — Busoni,1.0,384.3541162903664,-2.85,30.22,-2.53,30.22
beans,2025-11-01,Bandaga,Musenyi,349.67396899999983,411.69132299999984,386.5330189800451,6,100.0,7138.324540579397,62.017354,442.6999999999998,62.01735400000001,Robust,50.3166080399094,392.3833919600904,Bandaga — Musenyi,1.0,392.3833919600904,-3.07,29.61,-3.17,29.4
tomatoes,2026-06-01,Masanganzira,Muhanga,348.48916800000006,393.94305600000007,375.50397952484167,6,100.0,9166.872589645138,45.453888,416.6700000000001,45.453888000000006,Robust,36.8781529503168,379.79184704968327,Masanganzira — Muhanga,1.0,379.79184704968327,-2.81,30.1,-3.03,29.83
maize,2026-06-01,Nyabihanga,Gitaza,348.05778950000007,427.1325965000001,395.0546714272013,6,100.0,5901.626797520986,79.074807,466.6700000000001,79.07480700000002,Robust,64.1558501455977,402.5141498544024,Nyabihanga — Gitaza,1.0,402.5141498544024,-3.47,29.81,-3.61,29.35
maize,2026-06-01,Wimpfizi,Nyagasasa,346.97776300000004,380.285921,366.7739487654432,6,100.0,11917.200584913762,33.308158000000006,396.94000000000005,33.30815799999999,Robust,27.023944469113804,369.91605553088624,Wimpfizi — Nyagasasa,1.0,369.91605553088624,-3.61,29.79,-3.59,29.59
potatoes,2026-06-01,Matana,Nyagasasa,344.8728769999999,377.1509589999999,364.0568531125248,6,100.0,12184.429050028431,32.278082,393.2899999999999,32.27808199999998,Robust,26.1882117749502,367.1017882250497,Matana — Nyagasasa,1.0,367.1017882250497,-3.77,29.69,-3.59,29.59
cassava_flour,2026-06-01,Mishiha,Kobero,336.5788085,433.0262695,393.9008571873314,6,100.0,4989.763286770193,96.447461,481.25,96.44746100000005,Robust,78.2508246253371,402.9991753746629,Mishiha — Kobero,1.0,402.9991753746629,-3.01,30.78,-2.65,30.41
maize_flour,2026-06-01,Ruhehe,Kirundo,335.4893635000001,356.27645450000006,347.843847796585,6,100.0,17639.312783111407,20.787091,366.6700000000001,20.78709099999997,Robust,16.865213406830097,349.80478659317,Ruhehe — Kirundo,1.0,349.80478659317,-2.44,30.03,-2.58,30.1
maize,2026-06-01,Mwakiro,Muzinda,334.037688,473.505896,416.9284486941656,6,100.0,3895.081236004696,139.468208,543.24,139.468208,Robust,113.1548946116688,430.0851053883312,Mwakiro — Muzinda,1.0,430.0851053883312,-3.13,30.29,-3.26,29.42
bananas,2026-06-01,Nyagasasa,Gitaza,331.3550735000001,380.2050245000001,360.3882822601121,6,100.0,8283.119874572649,48.849951,404.6300000000001,48.849950999999976,Robust,39.633484479776094,364.996515520224,Nyagasasa — Gitaza,1.0,364.996515520224,-3.59,29.59,-3.61,29.35
maize_flour,2026-06-01,Rusaka,Rwibaga,330.7174615,342.60582049999994,337.7831228076675,6,100.0,29318.59645221009,11.888359,348.54999999999995,11.88835899999998,Robust,9.6453953846649,338.9046046153351,Rusaka — Rwibaga,1.0,338.9046046153351,-3.44,29.63,-3.47,29.55
beans,2025-11-01,Wimpfizi,Matana,321.9668665,349.5289555,338.347965506666,6,100.0,13181.511749708085,27.562089,363.31,27.56208900000001,Robust,22.361979986667897,340.9480200133321,Wimpfizi — Matana,1.0,340.9480200133321,-3.61,29.79,-3.77,29.69
maize_flour,2026-06-01,Muramvya,Kanyosha,318.8038229999999,372.3279409999999,350.61505023326504,6,100.0,7456.264856153257,53.524118,399.0899999999999,53.52411799999999,Robust,43.4257815334698,355.6642184665301,Muramvya — Kanyosha,1.0,355.6642184665301,-3.27,29.62,-3.43,29.36
beans,2025-11-01,Nyabikere,Nyagasasa,318.47120000000007,404.77040000000005,369.7617875674401,6,100.0,5190.314626323304,86.2992,447.9200000000001,86.29919999999998,Robust,70.01722486511999,377.9027751348801,Nyabikere — Nyagasasa,1.0,377.9027751348801,-3.26,30.11,-3.59,29.59
maize,2026-06-01,Kayero,Bururi,312.79188450000004,385.7439615,356.14981706015266,6,100.0,5787.635079944331,72.952077,422.22,72.95207699999997,Robust,59.1882888796947,363.0317111203053,Kayero — Bururi,1.0,363.0317111203053,-3.81,30.12,-3.95,29.63
potatoes,2026-06-01,Rubaho,Giharo,312.2723434999999,321.4841144999999,317.74721635081085,6,100.0,35399.27338619251,9.211771,326.0899999999999,9.211771,Robust,7.473796298378101,318.6162037016218,Rubaho — Giharo,1.0,318.6162037016218,-3.85,30.22,-3.78,30.23
cassava_flour,2026-06-01,Buhiga,Masanganzira,310.224159,341.568053,328.8529150013483,6,100.0,11397.435175093431,31.343894,357.24,31.343894000000034,Robust,25.4302759973034,331.8097240026966,Buhiga — Masanganzira,1.0,331.8097240026966,-3.03,30.17,-2.81,30.1
rice,2025-11-01,Busoni,Kayanza,309.8261060000003,414.8687020000003,372.2565395202325,6,100.0,4449.528265657109,105.042596,467.3900000000003,105.042596,Robust,85.22432495953561,382.1656750404648,Busoni — Kayanza,1.0,382.1656750404648,-2.53,30.22,-2.93,29.63
bananas,2026-06-01,Kirundo,Busoni,304.55230600000004,320.9641020000001,314.3064017491723,6,100.0,20056.91516029081,16.411796,329.1700000000001,16.411796000000038,Robust,13.3154005016556,315.8545994983445,Kirundo — Busoni,1.0,315.8545994983445,-2.58,30.1,-2.53,30.22
maize,2026-06-01,Kobero,Giteranyi,298.8205555,316.2735185,309.1934526654753,6,100.0,18621.47991719228,17.452963,325.0,17.45296300000001,Robust,14.1601316690493,310.8398683309507,Kobero — Giteranyi,1.0,310.8398683309507,-2.65,30.41,-2.52,30.46
maize_flour,2026-06-01,Kigamba,Twinkwavu,296.957438,332.319146,317.9741192752406,6,100.0,9897.711954411252,35.361708,350.0,35.361707999999965,Robust,28.6900534495188,321.3099465504812,Kigamba — Twinkwavu,1.0,321.3099465504812,-3.07,30.54,-3.26,30.65
maize_flour,2026-06-01,Masanganzira,Gitobe,292.9805105,316.1735035,306.76490523850885,6,100.0,14132.285557107702,23.192993,327.77,23.192993,Robust,18.8171965229823,308.9528034770177,Masanganzira — Gitobe,1.0,308.9528034770177,-2.81,30.1,-2.65,30.2
cassava_flour,2026-06-01,Marangara,Kirundo,277.09956350000004,307.17985450000003,294.977316707325,6,100.0,10711.99743380142,30.080291000000003,322.22,30.08029099999999,Robust,24.405075585350104,297.8149244146499,Marangara — Kirundo,1.0,297.8149244146499,-2.74,29.99,-2.58,30.1
beans,2025-11-01,Kinama,Muzinda,275.6488155,296.74293850000004,288.18577949143736,6,100.0,14567.564624516504,21.094123,307.29,21.094123000000025,Robust,17.1143180171253,290.1756819828747,Kinama — Muzinda,1.0,290.1756819828747,-3.3,29.52,-3.26,29.42
cassava_flour,2026-06-01,Gisuru,Kinyinya,274.48168350000003,306.3138945,293.400663116969,6,100.0,10122.765270687603,31.832211,322.23,31.832210999999973,Robust,25.8264627660621,296.4035372339379,Gisuru — Kinyinya,1.0,296.4035372339379,-3.46,30.5,-3.66,30.36
cassava_flour,2026-06-01,Kayero,Matana,273.634787,337.044929,311.3216188699919,6,100.0,5815.315789704429,63.410142,368.75,63.41014200000001,Robust,51.4466202600162,317.3033797399838,Kayero — Matana,1.0,317.3033797399838,-3.81,30.12,-3.77,29.69
beans,2025-11-01,Buhiga,Bubanza,271.8053984999999,399.8617994999999,347.9137291573143,6,100.0,3622.544413066864,128.056401,463.8899999999999,128.05640099999994,Robust,103.8961406853711,359.9938593146288,Buhiga — Bubanza,1.0,359.9938593146288,-3.03,30.17,-3.08,29.39
maize,2026-06-01,Mihigo,Kivyuka,269.4736380000001,330.5645460000001,305.7820692061807,6,100.0,5911.026891268339,61.090908000000006,361.1100000000001,61.09090800000001,Robust,49.5649535876388,311.54504641236133,Mihigo — Kivyuka,1.0,311.54504641236133,-2.85,29.75,-3.03,29.45
maize_flour,2026-06-01,Buhiga,Burambi,264.68785500000024,425.42928500000016,360.22202439126374,6,100.0,3146.6685346770914,160.74142999999998,505.8000000000002,160.74142999999992,Robust,130.41452121747298,375.3854787825272,Buhiga — Burambi,1.0,375.3854787825272,-3.03,30.17,-3.75,29.42
bananas,2026-06-01,Gatabo,Kamenge,254.643789,309.881263,287.4733227291793,6,100.0,6109.982509337773,55.237474,337.5,55.23747399999999,Robust,44.8158805416414,292.6841194583586,Gatabo — Kamenge,1.0,292.6841194583586,-3.28,29.7,-3.35,29.38
cassava_flour,2026-06-01,Rubaho,Rutana,254.295683,293.098561,277.3575701545471,6,100.0,8053.526338948363,38.802878,312.5,38.80287800000002,Robust,31.4819816909058,281.0180183090942,Rubaho — Rutana,1.0,281.0180183090942,-3.85,30.22,-3.93,29.99
beans,2025-11-01,Muhanga,Kayanza,244.59801349999992,274.58600449999994,262.42090963758983,6,100.0,9656.532176496916,29.987991,289.5799999999999,29.987991000000022,Robust,24.3301897248201,265.2498102751798,Muhanga — Kayanza,1.0,265.2498102751798,-3.03,29.83,-2.93,29.63
cassava_flour,2026-06-01,Makamba,Muyange,244.11934150000008,275.8197805000001,262.96000447782365,6,100.0,9200.818953958336,31.700439,291.6700000000001,31.700439000000017,Robust,25.7195520443529,265.9504479556472,Makamba — Muyange,1.0,265.9504479556472,-4.14,29.8,-4.31,29.69
maize,2026-06-01,Mishiha,Mukenke,240.25382050000007,349.53127350000005,305.20117542615594,6,100.0,3698.567169203697,109.277453,404.1700000000001,109.27745299999998,Robust,88.6601961476883,315.5098038523118,Mishiha — Mukenke,1.0,315.5098038523118,-3.01,30.78,-2.58,30.33
cassava_flour,2026-06-01,Nyagasasa,Gitaza,235.0550735,283.9050244999999,264.0882822601119,6,100.0,6311.777057872584,48.849951,308.3299999999999,48.849950999999976,Robust,39.633484479776094,268.69651552022384,Nyagasasa — Gitaza,1.0,268.69651552022384,-3.59,29.59,-3.61,29.35
maize,2026-06-01,Nyabikere,Kinama,234.7462785,328.2487595,290.3180241187705,6,100.0,4010.5887671579535,93.502481,375.0,93.50248100000002,Robust,75.86147076245909,299.1385292375409,Nyabikere — Kinama,1.0,299.1385292375409,-3.26,30.11,-3.3,29.52
potatoes,2026-06-01,Masanganzira,Giteranyi,233.3671165,294.4557055,269.67416944459103,6,100.0,5320.142522853163,61.088589,325.0,61.08858900000001,Robust,49.5630721108179,275.43692788918213,Masanganzira — Giteranyi,1.0,275.43692788918213,-2.81,30.1,-2.52,30.46
maize_flour,2026-06-01,Muhanga,Kayanza,230.0180135,260.0060045,247.84090963759,6,100.0,9170.337552789048,29.987991,275.0,29.987991000000022,Robust,24.3301897248201,250.66981027517988,Muhanga — Kayanza,1.0,250.66981027517988,-3.03,29.83,-2.93,29.63
maize_flour,2026-06-01,Gihogazi,Mwaro,228.77389499999995,294.777965,268.0023876412115,6,100.0,4966.057396157539,66.00407000000001,327.78,66.00407000000004,Robust,53.55115471757701,274.228845282423,Gihogazi — Mwaro,1.0,274.228845282423,-3.12,30.0,-3.52,29.71
maize,2026-06-01,Gihogazi,Bukeye,227.79305500000007,279.63768500000015,258.6061046565037,6,100.0,5893.763732135811,51.84463,305.5600000000002,51.84463,Robust,42.063160686993,263.4968393130072,Gihogazi — Bukeye,1.0,263.4968393130072,-3.12,30.0,-3.19,29.63
cassava_flour,2026-06-01,Bandaga,Kivyuka,226.7180959999999,285.9860319999999,261.94307214519506,6,100.0,5325.307768436544,59.267936,315.6199999999999,59.26793600000002,Robust,48.0859197096096,267.5340802903903,Bandaga — Kivyuka,1.0,267.5340802903903,-3.07,29.61,-3.03,29.45
beans,2025-11-01,Muyinga,Cankuzo,217.749382,276.749794,252.8153594157934,6,100.0,5190.641719586636,59.000412,306.25,59.00041200000001,Robust,47.8688691684132,258.3811308315868,Muyinga — Cankuzo,1.0,258.3811308315868,-2.85,30.34,-3.22,30.55
bananas,2026-06-01,Nyabihanga,Wimpfizi,217.7375725,239.2458575,230.52068723591825,6,100.0,11623.42790231764,21.508285,250.0,21.508285,Robust,17.450340528163498,232.5496594718365,Nyabihanga — Wimpfizi,1.0,232.5496594718365,-3.47,29.81,-3.61,29.79
maize,2026-06-01,Buhiga,Bubanza,217.4153985,345.4717995,293.52372915731445,6,100.0,3197.8096901224017,128.056401,409.5,128.05640099999997,Robust,103.8961406853711,305.6038593146289,Buhiga — Bubanza,1.0,305.6038593146289,-3.03,30.17,-3.08,29.39
rice,2025-11-01,Kobero,Muyinga,215.0294095000003,241.9631365000003,231.03705132299544,6,100.0,9483.648512513708,26.933727,255.4300000000003,26.933727000000005,Robust,21.8521703540097,233.5778296459906,Kobero — Muyinga,1.0,233.5778296459906,-2.65,30.41,-2.85,30.34
rice,2025-11-01,Matana,Buyengero,205.5627075,243.5209025,228.12257044831776,6,100.0,6915.502699746393,37.958195,262.5,37.95819500000002,Robust,30.796664103364503,231.7033358966355,Matana — Buyengero,1.0,231.7033358966355,-3.77,29.69,-3.81,29.54
maize,2026-06-01,Muhanga,Kayanza,189.7380135,219.7260045,207.56090963759,6,100.0,7827.133201420529,29.987991,234.72000000000003,29.987991,Robust,24.3301897248201,210.3898102751799,Muhanga — Kayanza,1.0,210.3898102751799,-3.03,29.83,-2.93,29.63
maize_flour,2026-06-01,Mihigo,Kivyuka,189.613638,250.704546,225.9220692061806,6,100.0,4603.794725067763,61.090908000000006,281.25,61.09090800000001,Robust,49.5649535876388,231.6850464123612,Mihigo — Kivyuka,1.0,231.6850464123612,-2.85,29.75,-3.03,29.45
cassava_flour,2026-06-01,Gitega Centre,Nyabihanga,186.275841,203.931947,196.7694730486517,6,100.0,12050.222172431451,17.656106,212.76,17.656105999999994,Robust,14.3249479026966,198.43505209730336,Gitega Centre — Nyabihanga,1.0,198.43505209730336,-3.43,29.93,-3.47,29.81
maize,2026-06-01,Kigamba,Kirehe,183.63435199999995,216.764784,203.3249090809824,6,100.0,7042.769620390098,33.130432,233.33,33.13043200000001,Robust,26.8797498380352,206.4502501619648,Kigamba — Kirehe,1.0,206.4502501619648,-3.07,30.54,-2.95,30.35
cassava_flour,2026-06-01,Kinama,Muzinda,179.4688154999999,200.5629384999999,192.00577949143724,6,100.0,10008.000806670176,21.094123,211.1099999999999,21.094123,Robust,17.1143180171253,193.9956819828746,Kinama — Muzinda,1.0,193.9956819828746,-3.3,29.52,-3.26,29.42
maize_flour,2026-06-01,Gihamagara,Gitega,175.76014349999997,180.8067145,178.7594944996709,6,100.0,36327.63712231532,5.046571,183.33,5.046570999999972,Robust,4.0944400006581,179.23555999934192,Gihamagara — Gitega,1.0,179.23555999934192,-3.62,30.02,-3.64,30.04
maize,2026-06-01,Gatabo,Muramvya,175.19859999999986,187.86619999999985,182.72739107881984,6,100.0,15330.449335312122,12.6676,194.19999999999985,12.667599999999991,Robust,10.27761784236,183.92238215763984,Gatabo — Muramvya,1.0,183.92238215763984,-3.28,29.7,-3.27,29.62
bananas,2026-06-01,Gasorwe,Kirehe,172.12132449999996,196.2604415,186.4680333256806,6,100.0,8630.390249983044,24.139117,208.33,24.139117,Robust,19.5848163486387,188.7451836513613,Gasorwe — Kirehe,1.0,188.7451836513613,-2.85,30.22,-2.95,30.35
beans,2025-11-01,Gitega,Makamba,170.07779400000004,251.832598,218.66749047019783,6,100.0,3580.340061728972,81.75480400000001,292.71000000000004,81.75480399999998,Robust,66.33021505960441,226.3797849403956,Gitega — Makamba,1.0,226.3797849403956,-3.64,30.04,-4.14,29.8
maize_flour,2026-06-01,Rutana,Bururi,167.83383200000011,223.3379440000001,200.8218378782585,6,100.0,4523.808974729659,55.504112,251.0900000000001,55.50411199999999,Robust,45.0322122434832,206.0577877565169,Rutana — Bururi,1.0,206.0577877565169,-3.93,29.99,-3.95,29.63
potatoes,2026-06-01,Nyabikere,Mwakiro,167.3642660000001,198.06142200000008,185.60864332782427,6,100.0,6952.109830630567,30.697156,213.41000000000008,30.69715599999998,Robust,24.9055573443516,188.5044426556485,Nyabikere — Mwakiro,1.0,188.5044426556485,-3.26,30.11,-3.13,30.29
maize,2026-06-01,Ruhehe,Kirundo,163.25936349999984,184.04645449999984,175.61384779658476,6,100.0,9353.88217620252,20.787091,194.43999999999983,20.787091000000004,Robust,16.865213406830097,177.57478659316973,Ruhehe — Kirundo,1.0,177.57478659316973,-2.44,30.03,-2.58,30.1
maize,2026-06-01,Ruyigi,Biyorwa,163.12729500000003,185.855765,176.63560771679153,6,100.0,8677.222883898477,22.72847,197.22000000000003,22.728469999999987,Robust,18.440314566417,178.77968543358304,Ruyigi — Biyorwa,1.0,178.77968543358304,-3.48,30.25,-3.46,30.09
beans,2025-11-01,Kayongozi,Gisuru,157.1022780000002,208.3874260000002,187.5828082297488,6,100.0,4563.30943999616,51.285148,234.0300000000002,51.28514799999999,Robust,41.6092355405028,192.4207644594974,Kayongozi — Gisuru,1.0,192.4207644594974,-3.27,30.34,-3.46,30.5
maize_flour,2026-06-01,Bukeye,Musenyi,156.89943800000006,213.41314600000007,190.48748156164064,6,100.0,4276.30761725987,56.513708,241.67000000000007,56.51370800000001,Robust,45.8513288767188,195.8186711232813,Bukeye — Musenyi,1.0,195.8186711232813,-3.19,29.63,-3.17,29.4
potatoes,2026-06-01,Makamba,Rumonge,150.72825550000002,221.76941850000003,192.95046603896537,6,100.0,3621.703096273916,71.041163,257.29,71.04116300000001,Robust,57.637904922069296,199.6520950779307,Makamba — Rumonge,1.0,199.6520950779307,-4.14,29.8,-3.98,29.44
beans,2025-11-01,Giteranyi,Kobero,146.83055550000023,164.2835185000002,157.20345266547557,6,100.0,9912.929970687512,17.452963,173.01000000000022,17.452962999999983,Robust,14.1601316690493,158.84986833095093,Giteranyi — Kobero,1.0,158.84986833095093,-2.52,30.46,-2.65,30.41
cassava_flour,2026-06-01,Mwaro,Rwibaga,146.57723650000003,172.2057455,161.80914230083505,6,100.0,7219.304096075194,25.628509,185.02,25.62850899999998,Robust,20.7932063983299,164.22679360167012,Mwaro — Rwibaga,1.0,164.22679360167012,-3.52,29.71,-3.47,29.55
cassava_flour,2026-06-01,Cankuzo,Kigamba,145.9505065,165.3168355,157.46058299473404,6,100.0,9036.302130362445,19.366329,175.0,19.366329000000007,Robust,15.7125050105319,159.2874949894681,Cankuzo — Kigamba,1.0,159.2874949894681,-3.22,30.55,-3.07,30.54
maize_flour,2026-06-01,Biyorwa,Matana,144.69972100000007,217.67990700000007,188.07435970720772,6,100.0,3482.726119662124,72.980186,254.17000000000007,72.980186,Robust,59.2110945855846,194.95890541441548,Biyorwa — Matana,1.0,194.95890541441548,-3.46,30.09,-3.77,29.69
cassava_flour,2026-06-01,Busoni,Mukenke,142.4464975,164.1488325,155.34494283594074,6,100.0,8063.648450731224,21.702335,175.0,21.702335000000005,Robust,17.6077793281185,157.3922206718815,Busoni — Mukenke,1.0,157.3922206718815,-2.53,30.22,-2.58,30.33
potatoes,2026-06-01,Nyabihanga,Bujumbura (FAO location),140.558879,213.686293,184.0210203796123,6,100.0,3422.109251668601,73.127414,250.25,73.12741400000002,Robust,59.3305452407754,190.9194547592246,Nyabihanga — Bujumbura (FAO location),1.0,190.9194547592246,-3.47,29.81,-3.38,29.36
maize,2026-06-01,Giharo,Muyange,138.99584449999995,244.8852815,201.9295848002046,6,100.0,2812.6507084932364,105.889437,297.8299999999999,105.889437,Robust,85.9113933995907,211.91860660040925,Giharo — Muyange,1.0,211.91860660040925,-3.78,30.23,-4.31,29.69
maize_flour,2026-06-01,Kirehe,Cankuzo,138.97485649999993,189.37828549999995,168.93135075282902,6,100.0,4257.250037492488,50.403429,214.58,50.40342900000002,Robust,40.89386949434191,173.6861305056581,Kirehe — Cankuzo,1.0,173.6861305056581,-2.95,30.35,-3.22,30.55
cassava_flour,2026-06-01,Twinkwavu,Kirehe,136.2717879999999,202.67059599999988,175.7348870333355,6,100.0,3552.3228067588184,66.398808,235.8699999999999,66.39880799999997,Robust,53.87141793332881,181.99858206667108,Twinkwavu — Kirehe,1.0,181.99858206667108,-3.26,30.65,-2.95,30.35
maize,2026-06-01,Muyinga,Busoni,131.66944599999994,182.776482,162.04411813219016,6,100.0,4076.346748028978,51.107036,208.33,51.10703600000002,Robust,41.4647277356196,166.86527226438042,Muyinga — Busoni,1.0,166.86527226438042,-2.85,30.34,-2.53,30.22
cassava_flour,2026-06-01,Gatabo,Muramvya,126.64860000000007,139.3162000000001,134.1773910788201,6,100.0,11497.837001484108,12.6676,145.6500000000001,12.667600000000007,Robust,10.27761784236,135.3723821576401,Gatabo — Muramvya,1.0,135.3723821576401,-3.28,29.7,-3.27,29.62
beans,2025-11-01,Bukeye,Kanyosha,126.56595199999995,185.241984,161.43913920690235,6,100.0,3657.029841418042,58.676032,214.58,58.67603199999998,Robust,47.6056895861952,166.9743104138048,Bukeye — Kanyosha,1.0,166.9743104138048,-3.19,29.63,-3.43,29.36
maize,2026-06-01,Jene,Rugombo,124.5826985,224.8608995,184.18148793832444,6,100.0,2742.3706972964146,100.278201,275.0,100.27820100000002,Robust,81.35882312335109,193.6411768766489,Jene — Rugombo,1.0,193.6411768766489,-2.85,29.61,-2.81,29.08
maize,2026-06-01,Rubaho,Mabanda,123.7825465,207.9275155,173.79280037088205,6,100.0,2971.062952082138,84.144969,250.0,84.144969,Robust,68.26943025823591,181.7305697417641,Rubaho — Mabanda,1.0,181.7305697417641,-3.85,30.22,-4.27,29.77
cassava_flour,2026-06-01,Kayongozi,Muyinga,115.18660899999982,192.50220299999984,161.13793003641314,6,100.0,2989.8237605210643,77.315594,231.15999999999983,77.31559400000002,Robust,62.7285459271734,168.43145407282643,Kayongozi — Muyinga,1.0,168.43145407282643,-3.27,30.34,-2.85,30.34
maize,2026-06-01,Gasorwe,Gitobe,113.8068285000001,147.1956095000001,133.6509312918055,6,100.0,4908.534995632218,33.388781,163.8900000000001,33.38878100000001,Robust,27.0893564163891,136.800643583611,Gasorwe — Gitobe,1.0,136.800643583611,-2.85,30.22,-2.65,30.2
maize,2026-06-01,Kinyinya,Kayogoro,111.9540309999999,194.7246769999999,161.1474773665546,6,100.0,2852.5813366250627,82.770646,236.1099999999999,82.770646,Robust,67.1543992668906,168.9556007331093,Kinyinya — Kayogoro,1.0,168.9556007331093,-3.66,30.36,-4.12,29.95
maize_flour,2026-06-01,Bukirasazi,Rumonge,106.63797199999988,195.9593239999999,159.72472861417629,6,100.0,2693.868762756747,89.321352,240.6199999999999,89.32135200000002,Robust,72.4691907716472,168.15080922835267,Bukirasazi — Rumonge,1.0,168.15080922835267,-3.7,29.96,-3.98,29.44
cassava_flour,2026-06-01,Wimpfizi,Kanyosha,103.37185000000008,178.7239500000001,148.1561989098451,6,100.0,2871.850950404834,75.35210000000001,216.4000000000001,75.35210000000001,Robust,61.135502180310006,155.2644978196901,Wimpfizi — Kanyosha,1.0,155.2644978196901,-3.61,29.79,-3.43,29.36
cassava_flour,2026-06-01,Gitega,Kamenge,102.96264499999992,214.874215,169.47554640458645,6,100.0,2420.035747867713,111.91157,270.8299999999999,111.91157,Robust,90.797337190827,180.03266280917293,Gitega — Kamenge,1.0,180.03266280917293,-3.64,30.04,-3.35,29.38
cassava_flour,2026-06-01,Mihigo,Jene,99.56764099999997,121.38254699999996,112.53299115931163,6,100.0,6064.202156085384,21.814906,132.28999999999996,21.814906,Robust,17.699111681376603,114.59088831862336,Mihigo — Jene,1.0,114.59088831862336,-2.85,29.75,-2.85,29.61
maize_flour,2026-06-01,Jene,Cibitoke,64.35734450000001,154.78578149999998,118.10207986875466,6,100.0,2211.69365119072,90.428437,200.0,90.42843699999996,Robust,73.3674032624907,126.6325967375093,Jene — Cibitoke,1.0,126.6325967375093,-2.85,29.61,-2.9,29.13
maize,2026-06-01,Bandaga,Musenyi,61.973969,123.991323,98.8330189800453,6,100.0,2499.300437745216,62.017354,155.0,62.017354,Robust,50.3166080399094,104.6833919600906,Bandaga — Musenyi,1.0,104.6833919600906,-3.07,29.61,-3.17,29.4
maize,2026-06-01,Gisuru,Rumonge,61.87741250000005,231.73913750000008,162.83208740392632,6,100.0,1864.2810792131072,169.861725,316.6700000000001,169.86172500000004,Robust,137.81410019214752,178.85589980785255,Gisuru — Rumonge,1.0,178.85589980785255,-3.46,30.5,-3.98,29.44
cassava_flour,2026-06-01,Muhanga,Rugombo,46.754416999999904,175.9981389999999,123.5684134308228,6,100.0,1861.7538730430551,129.243722,240.6199999999999,129.243722,Robust,104.8594511383542,135.7605488616457,Muhanga — Rugombo,1.0,135.7605488616457,-3.03,29.83,-2.81,29.08
maize,2026-06-01,Ngozi,Gasenyi,43.8566165,147.9522055,105.72421113574106,6,100.0,1921.310998105789,104.095589,200.0,104.095589,Robust,84.4559887285179,115.5440112714821,Ngozi — Gasenyi,1.0,115.5440112714821,-2.91,29.83,-2.96,29.19
maize,2026-06-01,Rusaka,Bujumbura (FAO location),39.344061500000166,83.82802050000016,65.78241080608771,6,100.0,2384.4550346789088,44.483959000000006,106.07000000000016,44.483959,Robust,36.0912193878249,69.97878061217526,Rusaka — Bujumbura (FAO location),1.0,69.97878061217526,-3.44,29.63,-3.38,29.36
cassava_flour,2026-06-01,Gihamagara,Rusaka,36.97554549999992,101.21184849999992,75.15339331353827,6,100.0,2075.617583409181,64.236303,133.32999999999993,64.23630299999999,Robust,52.1169103729233,81.21308962707663,Gihamagara — Rusaka,1.0,81.21308962707663,-3.62,30.02,-3.44,29.63
rice,2025-11-01,Wimpfizi,Nyagasasa,19.557763000000428,52.865921000000434,39.35394876544353,6,100.0,2087.176360818284,33.308158000000006,69.52000000000044,33.308158000000006,Robust,27.023944469113804,42.49605553088664,Wimpfizi — Nyagasasa,1.0,42.49605553088664,-3.61,29.79,-3.59,29.59
maize_flour,2026-06-01,Bandaga,Gasenyi,13.066169999999945,108.05538999999996,69.52153582462896,6,100.0,1637.5542403653797,94.98922,155.54999999999995,94.98922000000002,Robust,77.06770835074201,78.48229164925795,Bandaga — Gasenyi,1.0,78.48229164925795,-3.07,29.61,-2.96,29.19
maize_flour,2026-06-01,Kayogoro,Mabanda,-9.112718999999927,24.74242700000008,11.008560577579775,4,66.66666666666666,1230.8320867970876,33.855146,41.67000000000007,33.855146000000005,Moderate,27.4677328448406,14.202267155159475,Kayogoro — Mabanda,1.0,14.202267155159475,-4.12,29.95,-4.27,29.77
maize,2026-06-01,Rutana,Makamba,-14.560916500000005,28.4796945,11.019601366348954,4,66.66666666666666,1161.6935456608644,43.040611,50.0,43.040611000000006,Moderate,34.92018626730209,15.079813732697907,Rutana — Makamba,1.0,15.079813732697907,-3.93,29.99,-4.14,29.8
maize,2026-06-01,Masanganzira,Cibitoke,-50.000233500000206,102.77325549999982,40.79831405939586,4,66.66666666666666,1172.7165568628195,152.773489,179.15999999999983,152.77348900000004,Moderate,123.94988288120793,55.21011711879191,Masanganzira — Cibitoke,1.0,55.21011711879191,-2.81,30.1,-2.9,29.13
