corridor_key,origin,destination,origin_lat,origin_lon,destination_lat,destination_lon,priority_score,priority_tier,robust_or_strong_share_pct,products,avg_distance_km,min_distance_km,max_distance_km,avg_break_even_bif_tkm,spatial_priority_score,spatial_tier,scenarios_active,scenario_presence_pct,total_flow_units,avg_flow_units,products,total_margin_bif,avg_margin_bif,max_capacity_utilization_pct,avg_capacity_utilization_pct,flow_persistence_score,geometry_type,route_observations,robust_routes,strong_or_better,avg_robustness_pct,avg_min_net_margin_bif_kg,max_min_net_margin_bif_kg,breadth_score,robust_score,margin_score,distance_score,flow_500_bif_tkm,products_500_bif_tkm,margin_500_bif,utilization_500_pct,flow_750_bif_tkm,products_750_bif_tkm,margin_750_bif,utilization_750_pct,flow_811.33_bif_tkm,products_811.33_bif_tkm,margin_811.33_bif,utilization_811.33_pct,flow_1000_bif_tkm,products_1000_bif_tkm,margin_1000_bif,utilization_1000_pct,flow_1250_bif_tkm,products_1250_bif_tkm,margin_1250_bif,utilization_1250_pct,flow_1500_bif_tkm,products_1500_bif_tkm,margin_1500_bif,utilization_1500_pct,priority_score_component,flow_persistence_component,robustness_component,breadth_component
Bukirasazi — Gitega,Bukirasazi,Gitega,-3.7,29.96,-3.64,30.04,97.96292906142985,A — stratégique,100.0,10,13.570457,13.570457,13.570457,99542.1893308383,99.08331807764344,A — stratégique,6,100.0,6.0,1.0,10,4321.117581194687,720.1862635324478,33.33333333333333,33.33333333333333,100.0,straight_line_market_connector,10,10,10,100.0,1330.4773145,11229.6443145,1.0,1.0,0.919475610379488,0.9573416853840074,1.0,1.0,726.5447714999999,33.33333333333333,1.0,1.0,723.15215725,33.33333333333333,1.0,1.0,722.3198661946873,33.33333333333333,1.0,1.0,719.7595429999999,33.33333333333333,1.0,1.0,716.3669287499999,33.33333333333333,1.0,1.0,712.9743144999999,33.33333333333333,97.96292906142985,100.0,100.0,100.0
Cankuzo — Kigamba,Cankuzo,Kigamba,-3.22,30.55,-3.07,30.54,97.83687658529294,A — stratégique,100.0,10,19.366329,19.366329,19.366329,72543.226958501,99.02659446338183,A — stratégique,6,100.0,6.0,1.0,10,937.4558499894681,156.24264166491136,33.33333333333333,33.33333333333333,100.0,straight_line_market_connector,10,10,10,100.0,1375.8465064999998,5700.120506499999,1.0,1.0,0.923758118368901,0.936171421791493,1.0,1.0,165.3168355,33.33333333333333,1.0,1.0,160.47525325,33.33333333333333,1.0,1.0,159.2874949894681,33.33333333333333,1.0,1.0,155.633671,33.33333333333333,1.0,1.0,150.79208875,33.33333333333333,1.0,1.0,145.9505065,33.33333333333333,97.83687658529294,100.0,100.0,100.0
Biyorwa — Ruyigi,Biyorwa,Ruyigi,-3.46,30.09,-3.48,30.25,97.68077469225248,A — stratégique,100.0,10,22.72847,22.72847,22.72847,61250.14134255408,98.95634861151362,A — stratégique,6,100.0,10.0,1.6666666666666667,10,13990.404985433583,2331.7341642389306,100.0,55.55555555555555,100.0,straight_line_market_connector,10,10,10,100.0,1358.029295,4424.237295000002,1.0,1.0,0.9220933776795944,0.9238907138660593,1.0,1.0,2015.025765,33.33333333333333,1.0,1.0,2009.3436475,33.33333333333333,1.0,1.0,2007.949685433583,33.33333333333333,2.0,2.0,2261.49306,66.66666666666666,3.0,3.0,3457.8282375,100.0,2.0,2.0,2238.76459,66.66666666666666,97.68077469225248,100.0,100.0,100.0
Makamba — Muyange,Makamba,Muyange,-4.14,29.8,-4.31,29.69,97.33375366614185,A — stratégique,100.0,10,31.700439,31.700439,31.700439,44016.86676957375,98.80018914976384,A — stratégique,6,100.0,14.0,2.3333333333333335,10,9135.366514866942,1522.561085811157,100.0,77.77777777777777,100.0,straight_line_market_connector,10,10,10,100.0,1347.8033414999995,7646.899341499997,1.0,1.0,0.9211280357784336,0.8911192950573162,3.0,3.0,2061.7393415,100.0,2.0,2.0,1177.4593415000002,66.66666666666666,3.0,3.0,2032.1313438669413,100.0,1.0,1.0,751.6395610000002,33.33333333333333,2.0,2.0,1145.7589025000002,66.66666666666666,3.0,3.0,1966.6380245,100.0,97.33375366614185,100.0,100.0,100.0
Kayongozi — Ruyigi,Kayongozi,Ruyigi,-3.27,30.34,-3.48,30.25,97.14867502904823,A — stratégique,100.0,10,30.519878,30.519878,30.519878,41887.126809615685,98.71690376307171,A — stratégique,6,100.0,15.0,2.5,10,24747.14619393118,4124.524365655197,100.0,83.33333333333333,100.0,straight_line_market_connector,10,10,10,100.0,1232.610183,4729.580183000001,1.0,1.0,0.9097180187344128,0.8954314654359999,3.0,3.0,4438.630182999999,100.0,3.0,3.0,4415.7402745,100.0,3.0,3.0,4410.124821431183,100.0,2.0,2.0,3842.810244,66.66666666666666,2.0,2.0,3827.5503050000007,66.66666666666666,2.0,2.0,3812.290366,66.66666666666666,97.14867502904823,100.0,100.0,100.0
Gihamagara — Kinyinya,Gihamagara,Kinyinya,-3.62,30.02,-3.66,30.36,97.103206156099,A — stratégique,100.0,10,47.365337,47.365337,47.365337,34027.394336917736,98.69644277024454,A — stratégique,6,100.0,6.0,1.0,10,11724.74434402992,1954.12405733832,33.33333333333333,33.33333333333333,100.0,straight_line_market_connector,10,10,10,100.0,1540.6709944999998,9095.621994499998,1.0,1.0,0.9382098169148316,0.8339009817802372,1.0,1.0,1976.3173315,33.33333333333333,1.0,1.0,1964.47599725,33.33333333333333,1.0,1.0,1961.57102902992,33.33333333333333,1.0,1.0,1952.634663,33.33333333333333,1.0,1.0,1940.79332875,33.33333333333333,1.0,1.0,1928.9519945,33.33333333333333,97.103206156099,100.0,100.0,100.0
Kigamba — Twinkwavu,Kigamba,Twinkwavu,-3.07,30.54,-3.26,30.65,96.99504303669704,A — stratégique,100.0,10,35.361708,35.361708,35.361708,36675.57573859271,98.64776936651367,A — stratégique,6,100.0,7.0,1.1666666666666667,10,3861.9213531009627,643.6535588501605,66.66666666666666,38.888888888888886,100.0,straight_line_market_connector,10,10,10,100.0,1243.8684379999995,6284.827437999996,1.0,1.0,0.9108791624840394,0.8777459787016235,1.0,1.0,332.319146,33.33333333333333,1.0,1.0,748.5687190000001,33.33333333333333,2.0,2.0,828.0398931009624,66.66666666666666,1.0,1.0,500.0582920000001,33.33333333333333,1.0,1.0,730.8878650000001,33.33333333333333,1.0,1.0,722.0474380000002,33.33333333333333,96.99504303669704,100.0,100.0,100.0
Rubaho — Rutana,Rubaho,Rutana,-3.85,30.22,-3.93,29.99,96.89350039429186,A — stratégique,100.0,10,38.802878,38.802878,38.802878,33860.632708738776,98.60207517743135,A — stratégique,6,100.0,7.0,1.1666666666666667,10,2032.1921893090944,338.6986982181824,66.66666666666666,38.888888888888886,100.0,straight_line_market_connector,10,10,10,100.0,1255.6856830000002,9191.795683,1.0,1.0,0.9120867167721992,0.865176605884789,2.0,2.0,675.7871220000002,66.66666666666666,1.0,1.0,283.3978415,33.33333333333333,1.0,1.0,281.0180183090942,33.33333333333333,1.0,1.0,273.697122,33.33333333333333,1.0,1.0,263.9964025,33.33333333333333,1.0,1.0,254.295683,33.33333333333333,96.89350039429186,100.0,100.0,100.0
Bandaga — Muhanga,Bandaga,Muhanga,-3.07,29.61,-3.03,29.83,96.84070797188868,A — stratégique,100.0,10,33.018862,33.018862,33.018862,35793.965279602904,98.57831858734991,A — stratégique,6,100.0,6.0,1.0,10,8808.116460372792,1468.019410062132,33.33333333333333,33.33333333333333,100.0,straight_line_market_connector,10,10,10,100.0,1132.3477069999997,6617.141706999998,1.0,1.0,0.8988836167360695,0.8863035637167287,1.0,1.0,1483.490569,33.33333333333333,1.0,1.0,1475.2358535,33.33333333333333,1.0,1.0,1473.2107703727918,33.33333333333333,1.0,1.0,1466.981138,33.33333333333333,1.0,1.0,1458.7264225,33.33333333333333,1.0,1.0,1450.471707,33.33333333333333,96.84070797188868,100.0,100.0,100.0
Busoni — Mukenke,Busoni,Mukenke,-2.53,30.22,-2.58,30.33,96.6533527979836,A — stratégique,100.0,10,21.702335,21.702335,21.702335,42739.45637646825,98.49400875909262,A — stratégique,6,100.0,6.0,1.0,10,923.8805456718815,153.98009094531358,33.33333333333333,33.33333333333333,100.0,straight_line_market_connector,10,10,10,100.0,894.9924975,6217.4464975,1.0,1.0,0.8688482294646667,0.927638820869027,1.0,1.0,164.1488325,33.33333333333333,1.0,1.0,158.72324875,33.33333333333333,1.0,1.0,157.3922206718815,33.33333333333333,1.0,1.0,153.297665,33.33333333333333,1.0,1.0,147.87208125,33.33333333333333,1.0,1.0,142.4464975,33.33333333333333,96.6533527979836,100.0,100.0,100.0
Gitega — Kinyinya,Gitega,Kinyinya,-3.64,30.04,-3.66,30.36,96.49434237337422,A — stratégique,100.0,10,43.812359,43.812359,43.812359,27834.520391837385,98.4224540680184,A — stratégique,6,100.0,6.0,1.0,10,5078.7318755789365,846.4553125964894,33.33333333333333,33.33333333333333,100.0,straight_line_market_connector,10,10,10,100.0,1153.7774614999998,6600.951461499998,1.0,1.0,0.9012777438972368,0.8468787495429491,1.0,1.0,866.9838205000003,33.33333333333333,1.0,1.0,856.0307307500003,33.33333333333333,1.0,1.0,853.3436705789354,33.33333333333333,1.0,1.0,845.0776410000003,33.33333333333333,1.0,1.0,834.1245512500003,33.33333333333333,1.0,1.0,823.1714615000003,33.33333333333333,96.49434237337422,100.0,100.0,100.0
Kirundo — Ruhehe,Kirundo,Ruhehe,-2.58,30.1,-2.44,30.03,96.35913196191814,A — stratégique,100.0,10,20.787091,20.787091,20.787091,39369.72229543807,98.36160938286316,A — stratégique,6,100.0,12.0,2.0,10,30491.71866318634,5081.953110531057,66.66666666666666,66.66666666666666,100.0,straight_line_market_connector,10,10,10,100.0,787.2013635000001,4468.8193635,1.0,1.0,0.85246565689506,0.930981882401695,2.0,2.0,5101.432909,66.66666666666666,2.0,2.0,5091.0393635,66.66666666666666,2.0,2.0,5088.48957318634,66.66666666666666,2.0,2.0,5080.645818,66.66666666666666,2.0,2.0,5070.2522725,66.66666666666666,2.0,2.0,5059.858727,66.66666666666666,96.35913196191814,100.0,100.0,100.0
Buyengero — Rumonge,Buyengero,Rumonge,-3.81,29.54,-3.98,29.44,96.3533741151142,A — stratégique,100.0,10,29.588636,29.588636,29.588636,31606.96559314191,98.3590183518014,A — stratégique,6,100.0,12.0,2.0,10,8124.80127881324,1354.1335464688734,66.66666666666666,66.66666666666666,100.0,straight_line_market_connector,10,10,10,100.0,890.8240460000001,5976.447046000002,1.0,1.0,0.8682522247630399,0.8988329619853406,2.0,2.0,1381.861364,66.66666666666666,2.0,2.0,1367.067046,66.66666666666666,2.0,2.0,1363.4376388132407,66.66666666666666,2.0,2.0,1352.272728,66.66666666666666,2.0,2.0,1337.4784099999997,66.66666666666666,2.0,2.0,1322.6840919999995,66.66666666666666,96.3533741151142,100.0,100.0,100.0
Giteranyi — Kobero,Giteranyi,Kobero,-2.52,30.46,-2.65,30.41,96.19106493138682,A — stratégique,100.0,10,17.452963,17.452963,17.452963,41762.93733046933,98.28597921912407,A — stratégique,6,100.0,11.0,1.8333333333333333,10,6070.926588161902,1011.8210980269837,66.66666666666666,61.11111111111111,100.0,straight_line_market_connector,10,10,10,100.0,702.7075555000001,4098.8205555,1.0,1.0,0.8379731121796872,0.9431602687793068,1.0,1.0,891.2735185,33.33333333333333,2.0,2.0,1046.8305555000002,66.66666666666666,2.0,2.0,1044.6897366619016,66.66666666666666,2.0,2.0,1038.1040740000003,66.66666666666666,2.0,2.0,1029.3775925000002,66.66666666666666,2.0,2.0,1020.651111,66.66666666666666,96.19106493138682,100.0,100.0,100.0
Gihogazi — Muramvya,Gihogazi,Muramvya,-3.12,30.0,-3.27,29.62,96.18392072991884,A — stratégique,100.0,10,57.083005,57.083005,57.083005,23139.86448330812,98.28276432846349,A — stratégique,6,100.0,6.0,1.0,10,7711.751757762044,1285.2919596270074,33.33333333333333,33.33333333333333,100.0,straight_line_market_connector,10,10,10,100.0,1235.2684924999996,9515.825492499996,1.0,1.0,0.9099931419178664,0.7984057891561521,1.0,1.0,1312.0384975,33.33333333333333,1.0,1.0,1297.7677462499998,33.33333333333333,1.0,1.0,1294.2667827620444,33.33333333333333,1.0,1.0,1283.496995,33.33333333333333,1.0,1.0,1269.22624375,33.33333333333333,1.0,1.0,1254.9554925,33.33333333333333,96.18392072991884,100.0,100.0,100.0
Rusaka — Rwibaga,Rusaka,Rwibaga,-3.44,29.63,-3.47,29.55,96.08353656987748,A — stratégique,100.0,10,11.888359,11.888359,11.888359,53832.492777178064,98.23759145644487,A — stratégique,6,100.0,12.0,2.0,10,4670.52561923067,778.420936538445,66.66666666666666,66.66666666666666,100.0,straight_line_market_connector,10,10,10,100.0,622.1474615,1960.4274614999983,1.0,1.0,0.8224339322740798,0.963485792439588,2.0,2.0,789.5616409999998,66.66666666666666,2.0,2.0,783.6174615,66.66666666666666,2.0,2.0,782.1592092306701,66.66666666666666,2.0,2.0,777.673282,66.66666666666666,2.0,2.0,771.7291025,66.66666666666666,2.0,2.0,765.7849229999999,66.66666666666666,96.08353656987748,100.0,100.0,100.0
Kigamba — Kirehe,Kigamba,Kirehe,-3.07,30.54,-2.95,30.35,96.07670001581256,A — stratégique,100.0,10,33.130432,33.130432,33.130432,26881.0258797712,98.23451500711565,A — stratégique,6,100.0,9.0,1.5,10,5650.93008432393,941.821680720655,66.66666666666666,49.99999999999999,100.0,straight_line_market_connector,10,10,10,100.0,840.8843519999998,5679.474351999998,1.0,1.0,0.8608869817404328,0.8858960381003906,1.0,1.0,216.764784,33.33333333333333,2.0,2.0,1182.634352,66.66666666666666,2.0,2.0,1178.5705003239295,66.66666666666666,2.0,2.0,1166.069136,66.66666666666666,1.0,1.0,957.58696,33.33333333333333,1.0,1.0,949.304352,33.33333333333333,96.07670001581256,100.0,100.0,100.0
Kayero — Rubaho,Kayero,Rubaho,-3.81,30.12,-3.85,30.22,96.04505553775869,A — stratégique,100.0,10,14.62342,14.62342,14.62342,45080.90446694413,98.2202749919914,A — stratégique,6,100.0,6.0,1.0,10,4223.378464565638,703.8964107609396,33.33333333333333,33.33333333333333,100.0,straight_line_market_connector,10,10,10,100.0,637.3018700000001,2200.2848700000013,1.0,1.0,0.8255049842790901,0.9534955852176882,1.0,1.0,710.74829,33.33333333333333,1.0,1.0,707.0924349999999,33.33333333333333,1.0,1.0,706.1955645656379,33.33333333333333,1.0,1.0,703.4365799999999,33.33333333333333,1.0,1.0,699.780725,33.33333333333333,1.0,1.0,696.12487,33.33333333333333,96.04505553775869,100.0,100.0,100.0
Bukirasazi — Bururi,Bukirasazi,Bururi,-3.7,29.96,-3.95,29.63,95.98418834160977,A — stratégique,100.0,10,57.357138,57.357138,57.357138,21494.65686380656,98.1928847537244,A — stratégique,6,100.0,12.0,2.0,10,6852.419506767217,1142.0699177945362,100.0,66.66666666666666,100.0,straight_line_market_connector,10,10,10,100.0,1146.8362929999998,5468.314292999999,1.0,1.0,0.9005071777851205,0.7974044785907347,1.0,1.0,449.8114310000002,33.33333333333333,2.0,2.0,1295.944293,66.66666666666666,2.0,2.0,1288.9087402672164,66.66666666666666,2.0,2.0,1267.265724,66.66666666666666,3.0,3.0,1492.9807325000002,100.0,2.0,2.0,1057.508586,66.66666666666666,95.98418834160977,100.0,100.0,100.0
Mishiha — Twinkwavu,Mishiha,Twinkwavu,-3.01,30.78,-3.26,30.65,95.93485950032571,A — stratégique,100.0,10,36.680222,36.680222,36.680222,24315.63800240905,98.17068677514658,A — stratégique,6,100.0,18.0,3.0,10,13991.317255409487,2331.8862092349145,100.0,100.0,100.0,straight_line_market_connector,10,9,10,98.33333333333334,836.8826670000004,3232.1096670000047,1.0,1.0,0.8602780175311215,0.8729299149703299,3.0,3.0,2919.619667,100.0,3.0,3.0,2087.8495005,100.0,3.0,3.0,2885.360585409487,100.0,3.0,3.0,2060.339334,100.0,3.0,3.0,2032.8291675,100.0,3.0,3.0,2005.319001,100.0,95.93485950032571,100.0,100.0,100.0
Giharo — Kinyinya,Giharo,Kinyinya,-3.78,30.23,-3.66,30.36,95.842437592715,A — stratégique,100.0,10,22.466066,22.466066,22.466066,30814.696262354097,98.12909691672175,A — stratégique,6,100.0,11.0,1.8333333333333333,10,10553.247536919094,1758.8745894865158,66.66666666666666,61.11111111111111,100.0,straight_line_market_connector,10,10,10,100.0,658.5859010000004,1613.170901,1.0,1.0,0.8296972883573325,0.9248491825568328,1.0,1.0,416.8969670000001,33.33333333333333,2.0,2.0,2041.300901,66.66666666666666,2.0,2.0,2038.5451639190944,66.66666666666666,2.0,2.0,2030.067868,66.66666666666666,2.0,2.0,2018.834835,66.66666666666666,2.0,2.0,2007.601802,66.66666666666666,95.842437592715,100.0,100.0,100.0
Gihogazi — Nyabikere,Gihogazi,Nyabikere,-3.12,30.0,-3.26,30.11,95.79724135043092,A — stratégique,100.0,10,28.947707,28.947707,28.947707,26023.96106883353,98.10875860769391,A — stratégique,6,100.0,6.0,1.0,10,5881.755290037212,980.2925483395353,33.33333333333333,33.33333333333333,100.0,straight_line_market_connector,10,10,10,100.0,709.9124394999998,3623.2484394999983,1.0,1.0,0.8392750434359572,0.9011740481711789,1.0,1.0,993.8561465,33.33333333333333,1.0,1.0,986.61921975,33.33333333333333,1.0,1.0,984.8438250372124,33.33333333333333,1.0,1.0,979.382293,33.33333333333333,1.0,1.0,972.14536625,33.33333333333333,1.0,1.0,964.9084395,33.33333333333333,95.79724135043092,100.0,100.0,100.0
Bukirasazi — Matana,Bukirasazi,Matana,-3.7,29.96,-3.77,29.69,95.76168856445794,A — stratégique,100.0,10,43.135551,43.135551,43.135551,21382.942343775787,98.09275985400608,A — stratégique,6,100.0,15.0,2.5,10,22090.993409124192,3681.832234854032,100.0,83.33333333333333,100.0,straight_line_market_connector,10,9,10,98.33333333333334,857.6616735,3685.2966735,1.0,1.0,0.8634089837313251,0.8493508889831441,3.0,3.0,3933.2166735,100.0,3.0,3.0,3900.86501025,100.0,3.0,3.0,3892.928357874192,100.0,2.0,2.0,3476.228898,66.66666666666666,2.0,2.0,3454.6611225,66.66666666666666,2.0,2.0,3433.093347,66.66666666666666,95.76168856445794,100.0,100.0,100.0
Gatabo — Muramvya,Gatabo,Muramvya,-3.28,29.7,-3.27,29.62,95.45903114759568,A — stratégique,100.0,10,12.6676,12.6676,12.6676,40382.07711010767,97.95656401641806,A — stratégique,6,100.0,12.0,2.0,10,1891.8687643152798,315.3114607192133,66.66666666666666,66.66666666666666,100.0,straight_line_market_connector,10,10,10,100.0,492.5425999999999,2415.7785999999987,1.0,1.0,0.7926318065790144,0.9606395016015408,2.0,2.0,327.1823999999999,66.66666666666666,2.0,2.0,320.8485999999999,66.66666666666666,2.0,2.0,319.29476431528,66.66666666666666,2.0,2.0,314.5147999999999,66.66666666666666,2.0,2.0,308.1809999999999,66.66666666666666,2.0,2.0,301.8472,66.66666666666666,95.45903114759568,100.0,100.0,100.0
Nyabihanga — Rwibaga,Nyabihanga,Rwibaga,-3.47,29.81,-3.47,29.55,95.0675129820447,A — stratégique,100.0,10,39.435561,39.435561,39.435561,17215.70538834227,97.78038084192012,A — stratégique,6,100.0,10.0,1.6666666666666667,10,16495.566873414755,2749.261145569126,66.66666666666666,55.55555555555554,100.0,straight_line_market_connector,10,10,10,100.0,619.7576585000003,2424.5466585,1.0,1.0,0.8219428293969191,0.8628656394106324,1.0,1.0,2463.9822195,33.33333333333333,2.0,2.0,2924.5466585,66.66666666666666,1.0,1.0,2451.704702914753,33.33333333333333,2.0,2.0,2904.8288780000003,66.66666666666666,2.0,2.0,2885.1110975,66.66666666666666,2.0,2.0,2865.393317,66.66666666666666,95.0675129820447,100.0,100.0,100.0
Gitobe — Muyinga,Gitobe,Muyinga,-2.65,30.2,-2.85,30.34,95.0048273787286,A — stratégique,100.0,10,40.947115,40.947115,40.947115,16591.303196818622,97.75217232042787,A — stratégique,6,100.0,6.0,1.0,10,4595.342757145223,765.8904595242038,33.33333333333333,33.33333333333333,100.0,straight_line_market_connector,10,10,10,100.0,617.9453274999998,1744.1393274999978,1.0,1.0,0.8215691344040023,0.8573444690648554,1.0,1.0,785.0764425,33.33333333333333,1.0,1.0,774.83966375,33.33333333333333,1.0,1.0,772.3283321452235,33.33333333333333,1.0,1.0,764.602885,33.33333333333333,1.0,1.0,754.3661062499999,33.33333333333333,1.0,1.0,744.1293274999999,33.33333333333333,95.0048273787286,100.0,100.0,100.0
Bukirasazi — Giharo,Bukirasazi,Giharo,-3.7,29.96,-3.78,30.23,94.97879530524654,A — stratégique,100.0,10,47.36887599999999,47.36887599999999,47.36887599999999,15656.018521528778,97.74045788736095,A — stratégique,6,100.0,6.0,1.0,10,3800.823777729159,633.4706296215264,33.33333333333333,33.33333333333333,100.0,straight_line_market_connector,10,10,10,100.0,670.5546860000001,3831.116686,1.0,1.0,0.8319957377277527,0.8338880550691481,1.0,1.0,655.6655620000004,33.33333333333333,1.0,1.0,643.8233430000004,33.33333333333333,1.0,1.0,640.9181577291567,33.33333333333333,1.0,1.0,631.9811240000004,33.33333333333333,1.0,1.0,620.1389050000004,33.33333333333333,1.0,1.0,608.2966860000004,33.33333333333333,94.97879530524654,100.0,100.0,100.0
Kayanza — Mabayi,Kayanza,Mabayi,-2.93,29.63,-2.72,29.24,94.82490613657455,A — stratégique,100.0,10,87.08921400000001,87.08921400000001,87.08921400000001,14296.07574595862,97.67120776145856,A — stratégique,6,100.0,10.0,1.6666666666666667,10,28397.76682291449,4732.961137152415,66.66666666666666,55.55555555555554,100.0,straight_line_market_connector,10,10,10,100.0,1114.4001789999998,4369.366179,1.0,1.0,0.896843428727731,0.6888037562019951,2.0,2.0,4799.020786,66.66666666666666,2.0,2.0,4755.476179,66.66666666666666,2.0,2.0,5370.833624414489,66.66666666666666,2.0,2.0,4711.931572,66.66666666666666,1.0,1.0,4391.1384825,33.33333333333333,1.0,1.0,4369.366179,33.33333333333333,94.82490613657455,100.0,100.0,100.0
Gatabo — Rusaka,Gatabo,Rusaka,-3.28,29.7,-3.44,29.63,94.59391135925954,A — stratégique,100.0,10,25.471898,25.471898,25.471898,18046.750972385333,97.5672601116668,A — stratégique,6,100.0,11.0,1.8333333333333333,10,9023.934682953144,1503.989113825524,66.66666666666666,61.11111111111111,100.0,straight_line_market_connector,10,9,10,98.33333333333334,421.47715299999993,1118.042153,1.0,1.0,0.7727605954817687,0.913869944962418,1.0,1.0,1143.514051,33.33333333333333,2.0,2.0,1591.9921529999997,66.66666666666666,2.0,2.0,1588.8677139531442,66.66666666666666,2.0,2.0,1579.2562039999998,66.66666666666666,2.0,2.0,1566.520255,66.66666666666666,2.0,2.0,1553.784306,66.66666666666666,94.59391135925954,100.0,100.0,100.0
Bukeye — Kanyosha,Bukeye,Kanyosha,-3.19,29.63,-3.43,29.36,94.45244451445312,A — stratégique,100.0,10,58.676032,58.676032,58.676032,12431.702948147553,97.50360003150391,A — stratégique,6,100.0,15.0,2.5,10,7369.868563241414,1228.3114272069024,100.0,83.33333333333333,100.0,straight_line_market_connector,10,10,10,100.0,641.428952,1790.455952,1.0,1.0,0.8263287122955096,0.7925870268542945,2.0,2.0,1384.373968,66.66666666666666,3.0,3.0,1525.608928,100.0,3.0,3.0,1514.8129312414144,100.0,3.0,3.0,1278.1319039999998,100.0,3.0,3.0,1234.1248799999998,100.0,1.0,1.0,432.8159519999999,33.33333333333333,94.45244451445312,100.0,100.0,100.0
Nyabikere — Rusaka,Nyabikere,Rusaka,-3.26,30.11,-3.44,29.63,94.22824454883632,A — stratégique,100.0,10,75.008597,75.008597,75.008597,11394.507218952516,97.40271004697635,A — stratégique,6,100.0,6.0,1.0,10,3064.080207486533,510.6800345810888,33.33333333333333,33.33333333333333,100.0,straight_line_market_connector,10,10,10,100.0,742.1731044999999,2887.4871045,1.0,1.0,0.844947245958773,0.7329299629660868,1.0,1.0,545.8257014999999,33.33333333333333,1.0,1.0,527.0735522499999,33.33333333333333,1.0,1.0,522.4731924865332,33.33333333333333,1.0,1.0,508.3214029999999,33.33333333333333,1.0,1.0,489.5692537499999,33.33333333333333,1.0,1.0,470.8171044999999,33.33333333333333,94.22824454883632,100.0,100.0,100.0
Kinama — Muzinda,Kinama,Muzinda,-3.3,29.52,-3.26,29.42,94.20658819325617,A — stratégique,100.0,10,21.094123,21.094123,21.094123,17621.06914802762,97.39296468696529,A — stratégique,6,100.0,16.0,2.6666666666666665,10,5616.443446948625,936.0739078247708,100.0,88.88888888888887,100.0,straight_line_market_connector,10,10,10,100.0,340.05981549999973,651.6888154999999,1.0,1.0,0.7453992079306149,0.9298604034643864,2.0,2.0,817.795877,66.66666666666666,3.0,3.0,1098.7182232500002,100.0,3.0,3.0,1094.8370459486243,100.0,3.0,3.0,1082.897631,100.0,3.0,3.0,1067.0770387500002,100.0,2.0,2.0,455.1176309999999,66.66666666666666,94.20658819325617,100.0,100.0,100.0
Bandaga — Musenyi,Bandaga,Musenyi,-3.07,29.61,-3.17,29.4,94.13817013527948,A — stratégique,100.0,10,62.017354,62.017354,62.017354,11092.314580206044,97.36217656087577,A — stratégique,6,100.0,18.0,3.0,10,6913.929865880271,1152.3216443133786,100.0,100.0,100.0,straight_line_market_connector,10,10,10,100.0,594.8899689999996,1940.3139689999964,1.0,1.0,0.816717325090138,0.7803823633476699,3.0,3.0,1586.3339689999998,100.0,3.0,3.0,1539.8209534999996,100.0,3.0,3.0,1528.410175880272,100.0,3.0,3.0,586.6479379999998,100.0,3.0,3.0,540.1349224999999,100.0,3.0,3.0,1132.581907,100.0,94.13817013527948,100.0,100.0,100.0
Buhiga — Masanganzira,Buhiga,Masanganzira,-3.03,30.17,-2.81,30.1,93.98940579181044,A — stratégique,100.0,10,31.343894,31.343894,31.343894,13039.509385783396,97.2952326063147,A — stratégique,6,100.0,6.0,1.0,10,1961.2902540026967,326.88170900044946,33.33333333333333,33.33333333333333,100.0,straight_line_market_connector,10,9,10,98.33333333333334,361.6931589999999,1315.3041589999998,1.0,1.0,0.7532594758842295,0.8924216274125845,1.0,1.0,341.568053,33.33333333333333,1.0,1.0,333.7320795,33.33333333333333,1.0,1.0,331.8097240026966,33.33333333333333,1.0,1.0,325.89610600000003,33.33333333333333,1.0,1.0,318.0601325,33.33333333333333,1.0,1.0,310.224159,33.33333333333333,93.98940579181044,100.0,100.0,100.0
Busoni — Marangara,Busoni,Marangara,-2.53,30.22,-2.74,29.99,92.7164522575389,A — stratégique,100.0,10,44.509221,44.509221,44.509221,7455.017017709656,96.72240351589251,A — stratégique,6,100.0,6.0,1.0,10,2545.6821797659263,424.28036329432103,33.33333333333333,33.33333333333333,100.0,straight_line_market_connector,10,10,10,100.0,265.0531685,964.4861685,1.0,1.0,0.7136559328982136,0.8443333599574636,1.0,1.0,445.1353894999999,33.33333333333333,1.0,1.0,434.0080842499999,33.33333333333333,1.0,1.0,431.2782847659268,33.33333333333333,1.0,1.0,422.8807789999999,33.33333333333333,1.0,1.0,411.7534737499999,33.33333333333333,1.0,1.0,400.6261684999999,33.33333333333333,92.7164522575389,100.0,100.0,100.0
Giteranyi — Mukenke,Giteranyi,Mukenke,-2.52,30.46,-2.58,30.33,94.25650472662528,A — stratégique,100.0,9,22.380143,22.380143,22.380143,43544.752049965806,96.41542712698137,A — stratégique,6,100.0,6.0,1.0,9,37369.941578961654,6228.323596493609,33.33333333333333,33.33333333333333,100.0,straight_line_market_connector,9,9,9,100.0,940.9675632777778,6216.4297855,0.9,1.0,0.8752437219394087,0.9251630287837092,1.0,1.0,6238.8099285,33.33333333333333,1.0,1.0,6233.21489275,33.33333333333333,1.0,1.0,6231.842293961653,33.33333333333333,1.0,1.0,6227.619857,33.33333333333333,1.0,1.0,6222.02482125,33.33333333333333,1.0,1.0,6216.4297855,33.33333333333333,94.25650472662528,100.0,100.0,90.0
Gihamagara — Gitega,Gihamagara,Gitega,-3.62,30.02,-3.64,30.04,94.02335441304945,A — stratégique,100.0,9,5.046571,5.046571,5.046571,134304.39533431048,96.31050948587225,A — stratégique,6,100.0,6.0,1.0,9,1070.652704999342,178.44211749989032,33.33333333333333,33.33333333333333,100.0,straight_line_market_connector,9,9,9,100.0,670.2068101666667,2492.4301435,0.9,1.0,0.8319295126483508,0.9884764160082418,1.0,1.0,180.8067145,33.33333333333333,1.0,1.0,179.54507175,33.33333333333333,1.0,1.0,179.23555999934192,33.33333333333333,1.0,1.0,178.283429,33.33333333333333,1.0,1.0,177.02178625000002,33.33333333333333,1.0,1.0,175.76014350000003,33.33333333333333,94.02335441304945,100.0,100.0,90.0
Gisuru — Kinyinya,Gisuru,Kinyinya,-3.46,30.5,-3.66,30.36,92.87331035973592,A — stratégique,100.0,9,31.832211000000004,31.832211,31.832211,21184.865578803536,95.79298966188117,A — stratégique,6,100.0,12.0,2.0,9,6730.064964467876,1121.6774940779794,66.66666666666666,66.66666666666666,100.0,straight_line_market_connector,9,9,9,100.0,626.6127946111113,1896.6916835,0.9,1.0,0.8233465286346913,0.8906379787042096,2.0,2.0,1151.5077890000002,66.66666666666666,2.0,2.0,1135.5916835,66.66666666666666,2.0,2.0,1131.6870744678758,66.66666666666666,2.0,2.0,1119.675578,66.66666666666666,2.0,2.0,1103.7594725,66.66666666666666,2.0,2.0,1087.8433670000002,66.66666666666666,92.87331035973592,100.0,100.0,90.0
Jene — Rugombo,Jene,Rugombo,-2.85,29.61,-2.81,29.08,91.74705252971894,A — stratégique,100.0,9,100.278201,100.278201,100.278201,12202.652099831748,95.28617363837353,A — stratégique,6,100.0,6.0,1.0,9,5320.370171876649,886.7283619794415,33.33333333333333,33.33333333333333,100.0,straight_line_market_connector,9,9,9,100.0,1073.2426985,4599.5826985,0.9,1.0,0.8920380929043108,0.6406290671632715,1.0,1.0,224.8608995,33.33333333333333,1.0,1.0,1362.29134925,33.33333333333333,1.0,1.0,193.6411768766489,33.33333333333333,1.0,1.0,1337.221799,33.33333333333333,1.0,1.0,915.27224875,33.33333333333333,1.0,1.0,1287.0826985,33.33333333333333,91.74705252971894,100.0,100.0,90.0
Gasorwe — Mutaho,Gasorwe,Mutaho,-2.85,30.22,-3.14,29.87,91.48108287617038,A — stratégique,100.0,9,61.30252599999999,61.302526,61.302526,10531.90242474221,95.16648729427666,A — stratégique,6,100.0,6.0,1.0,9,2643.7507241476414,440.6251206912736,33.33333333333333,33.33333333333333,100.0,straight_line_market_connector,9,9,9,100.0,553.6784332222222,1783.046211,0.9,1.0,0.8075574556308035,0.7829933763554295,1.0,1.0,469.348737,33.33333333333333,1.0,1.0,454.0231055,33.33333333333333,1.0,1.0,450.2633541476414,33.33333333333333,1.0,1.0,438.697474,33.33333333333333,1.0,1.0,423.3718425,33.33333333333333,1.0,1.0,408.046211,33.33333333333333,91.48108287617038,100.0,100.0,90.0
Gatabo — Kamenge,Gatabo,Kamenge,-3.28,29.7,-3.35,29.38,91.4342202723804,A — stratégique,100.0,9,55.237474,55.237474,55.237474,10522.707424633105,95.14539912257118,A — stratégique,6,100.0,9.0,1.5,9,3075.015289416717,512.5025482361195,66.66666666666666,49.99999999999999,100.0,straight_line_market_connector,9,9,9,100.0,498.391566777778,877.5537889999999,0.9,1.0,0.7941375841379849,0.8051468589620685,2.0,2.0,744.762526,66.66666666666666,1.0,1.0,296.0718945,33.33333333333333,2.0,2.0,710.3682389167172,66.66666666666666,1.0,1.0,407.262526,33.33333333333333,2.0,2.0,661.906315,66.66666666666666,1.0,1.0,254.643789,33.33333333333333,91.4342202723804,100.0,100.0,90.0
Kayero — Rutana,Kayero,Rutana,-3.81,30.12,-3.93,29.99,93.10393016389725,A — stratégique,90.0,10,27.586302,27.586302,27.586302,52705.75954689396,94.89676857375376,A — stratégique,6,100.0,6.0,1.0,10,3589.6868652534076,598.2811442089013,33.33333333333333,33.33333333333333,100.0,straight_line_market_connector,10,9,9,96.66666666666666,1412.577547,11430.840547,1.0,0.9,0.9271231194426464,0.9061467775044296,1.0,1.0,611.206849,33.33333333333333,1.0,1.0,604.3102735,33.33333333333333,1.0,1.0,602.6183752534077,33.33333333333333,1.0,1.0,597.413698,33.33333333333333,1.0,1.0,590.5171225,33.33333333333333,1.0,1.0,583.620547,33.33333333333333,93.10393016389725,100.0,90.0,100.0
Mabanda — Muyange,Mabanda,Muyange,-4.27,29.77,-4.31,29.69,92.912565725726,A — stratégique,90.0,10,14.439795999999998,14.439796,14.439796,76707.73188208476,94.8106545765767,A — stratégique,6,100.0,18.0,3.0,10,49798.276693282634,8299.712782213772,100.0,100.0,100.0,straight_line_market_connector,10,9,9,90.0,1085.9843059999998,6228.340306,1.0,0.9,0.8935451370234527,0.9541662985256965,3.0,3.0,8520.010306,100.0,3.0,3.0,8109.180459,100.0,3.0,3.0,8506.523633282633,100.0,3.0,3.0,8098.350612,100.0,3.0,3.0,8087.520765,100.0,3.0,3.0,8476.690918,100.0,92.912565725726,100.0,90.0,100.0
Gihogazi — Mutaho,Gihogazi,Mutaho,-3.12,30.0,-3.14,29.87,92.57644778352298,A — stratégique,90.0,10,21.001851,21.001851,21.001851,51292.90746801317,94.65940150258534,A — stratégique,6,100.0,6.0,1.0,10,54877.97129012612,9146.328548354353,33.33333333333333,33.33333333333333,100.0,straight_line_market_connector,10,9,9,96.66666666666666,1045.7432235,9135.1672235,1.0,0.9,0.8887236690085754,0.9301974403351468,1.0,1.0,9156.169074499998,33.33333333333333,1.0,1.0,9150.918611749998,33.33333333333333,1.0,1.0,9149.630545126132,33.33333333333333,1.0,1.0,9145.668148999996,33.33333333333333,1.0,1.0,9140.41768625,33.33333333333333,1.0,1.0,9135.1672235,33.33333333333333,92.57644778352298,100.0,90.0,100.0
Busoni — Gitobe,Busoni,Gitobe,-2.53,30.22,-2.65,30.2,91.90317583963802,A — stratégique,90.0,10,18.573067,18.573067,18.573067,43277.02042963608,94.35642912783712,A — stratégique,6,100.0,6.0,1.0,10,25725.425758120502,4287.57095968675,33.33333333333333,33.33333333333333,100.0,straight_line_market_connector,10,9,9,91.66666666666666,775.9273994999998,4277.700399499998,1.0,0.9,0.850624328798498,0.9390689263668056,1.0,1.0,4296.273466499998,33.33333333333333,1.0,1.0,4291.630199749998,33.33333333333333,1.0,1.0,4290.491093120514,33.33333333333333,1.0,1.0,4286.986932999997,33.33333333333333,1.0,1.0,4282.343666249998,33.33333333333333,1.0,1.0,4277.700399499998,33.33333333333333,91.90317583963802,100.0,90.0,100.0
Kayogoro — Muyange,Kayogoro,Muyange,-4.12,29.95,-4.31,29.69,96.62300494479572,A — stratégique,100.0,10,47.200065,47.200065,47.200065,28483.45653761281,94.31368555849141,A — stratégique,5,83.33333333333333,6.0,1.0,10,3181.814761843477,530.3024603072462,66.66666666666666,33.33333333333333,83.33333333333333,straight_line_market_connector,10,10,10,100.0,1273.6209024999996,7595.869902499998,1.0,1.0,0.9138979163673084,0.8345046617449539,0.0,0.0,0.0,0.0,1.0,1.0,672.5699512499993,33.33333333333333,1.0,1.0,414.6051193434786,33.33333333333333,2.0,2.0,1063.5698699999994,66.66666666666666,1.0,1.0,648.9699187499994,33.33333333333333,1.0,1.0,382.0999025000001,33.33333333333333,96.62300494479572,83.33333333333333,100.0,100.0
Buhiga — Mwakiro,Buhiga,Mwakiro,-3.03,30.17,-3.13,30.29,91.78092357243526,A — stratégique,90.0,10,25.206114000000003,25.206114000000003,25.206114000000003,33765.14126691643,94.30141560759586,A — stratégique,6,100.0,12.0,2.0,10,9986.71785160331,1664.452975267218,66.66666666666666,66.66666666666666,100.0,straight_line_market_connector,10,9,9,90.0,813.278829,4723.060828999999,1.0,0.9,0.856625798824909,0.9148407595937064,2.0,2.0,1688.0738859999997,66.66666666666666,2.0,2.0,1675.470829,66.66666666666666,2.0,2.0,1672.3789916033093,66.66666666666666,2.0,2.0,1662.867772,66.66666666666666,2.0,2.0,1650.264715,66.66666666666666,2.0,2.0,1637.661658,66.66666666666666,91.78092357243526,100.0,90.0,100.0
Marangara — Mihigo,Marangara,Mihigo,-2.74,29.99,-2.85,29.75,91.19679848066964,A — stratégique,90.0,10,44.385406,44.385406,44.385406,20678.012948670555,94.03855931630133,A — stratégique,6,100.0,6.0,1.0,10,11585.761709726074,1930.9602849543455,33.33333333333333,33.33333333333333,100.0,straight_line_market_connector,10,9,9,90.0,851.2238909999999,4818.841890999998,1.0,0.9,0.8624471179268174,0.844785612213329,1.0,1.0,1951.757297,33.33333333333333,1.0,1.0,1940.6609455,33.33333333333333,1.0,1.0,1937.9387397260728,33.33333333333333,1.0,1.0,1929.564594,33.33333333333333,1.0,1.0,1918.4682425,33.33333333333333,1.0,1.0,1907.371891,33.33333333333333,91.19679848066964,100.0,90.0,100.0
Kayongozi — Twinkwavu,Kayongozi,Twinkwavu,-3.27,30.34,-3.26,30.65,90.97322692990316,A — stratégique,90.0,10,47.482048000000006,47.482048000000006,47.482048000000006,18668.192239728167,93.93795211845642,A — stratégique,6,100.0,6.0,1.0,10,7880.586097765906,1313.4310162943177,33.33333333333333,33.33333333333333,100.0,straight_line_market_connector,10,9,9,90.0,815.1809280000004,3378.046928000004,1.0,0.9,0.8569240075374962,0.8334746779153234,1.0,1.0,1335.678976,33.33333333333333,1.0,1.0,1323.8084639999995,33.33333333333333,1.0,1.0,1320.896337765907,33.33333333333333,1.0,1.0,1311.9379519999998,33.33333333333333,1.0,1.0,1300.0674399999998,33.33333333333333,1.0,1.0,1288.1969279999998,33.33333333333333,90.97322692990316,100.0,90.0,100.0
Jene — Kivyuka,Jene,Kivyuka,-2.85,29.61,-3.03,29.45,90.91707083923306,A — stratégique,90.0,10,44.100064,44.100064,44.100064,18728.498897416564,93.91268187765488,A — stratégique,6,100.0,11.0,1.8333333333333333,10,6911.2095105648095,1151.8682517608015,100.0,61.11111111111111,100.0,straight_line_market_connector,10,9,9,93.33333333333334,759.7779039999998,3756.7699039999984,1.0,0.9,0.8479396093226901,0.8458278652779266,1.0,1.0,998.779968,33.33333333333333,1.0,1.0,987.754952,33.33333333333333,1.0,1.0,985.0502465648096,33.33333333333333,2.0,2.0,1277.069872,66.66666666666666,3.0,3.0,1347.8147600000002,100.0,3.0,3.0,1314.739712,100.0,90.91707083923306,100.0,90.0,100.0
