path,exists,size_bytes,sha256
BOI_Project1_Phase3_Optimization/price_gap_opportunities_latest.csv,True,2404263,e86a691616e24e5368c9e46562d745dd25b01fb2dca13f0c5d6e7917ad5b2689
BOI_Project1_Phase3_Optimization/scenario_price_opportunities.csv,True,8400463,b601a35cd602eaa322faf26441a6ec5161da6e76da272c3b1e51486ca6ea3925
BOI_Project1_Phase5_TransportBenchmark/optimization_summary.csv,True,499,cd9a6770f34521307db43f5656d56658e271cdfe32877f7db2ca088eb21ce45c
BOI_Project1_Phase6_Robustness/route_robustness_all.csv,True,4096093,b5be0f93acfec10e3e7cdb2dad2f7115e9c9fa906e85828d6f1a9a40bb58aa55
BOI_Project1_Phase7_CorridorPrioritization/corridor_priority_all.csv,True,556761,83b723b66f8e98b43e88822f9ed41a47dc8cdc7bcf9a2bcae59a48aef92981d0
BOI_Project1_Phase8_FlowAllocation/allocation_summary.csv,True,1484,b638f462a72a27d8f42674836dc0a7e78312672733005f42603de34e7589a0d5
BOI_Project1_Phase8_FlowAllocation/corridor_utilization_cap3.csv,True,107751,fa90716d259ace9b6f671efc4abd182172eb5eeeb76024d95800a2639a8fc1f4
BOI_Project1_Phase10_SpatialScenarios/priority_corridors_spatial.csv,True,1290151,2c152dbb55731a3c81f1c99e864cbec08cc4774cd50a5cd71a3fd4c6d5318733
BOI_Project1_Phase10_SpatialScenarios/scenario_corridor_stability.csv,True,422188,6494438b0f0a319806561d624614542c8b73d7d86b81320c8fb3f9396977062a
BOI_Project1_Phase11_ResearchSynthesis/PHASE11_RESEARCH_SYNTHESIS.md,True,6269,0a5656a10681aec0f205bb9d6c03e8a7d55da340975af1e96a570697117f16c9
BOI_Project1_Phase11_ResearchSynthesis/KEY_FINDINGS.csv,True,1165,bfcc7c8d1f6e60617e8acddb479e49aa63382b6d8e8132f7bcf39104f3ca77fd
BOI_Project1_Phase11_StressTest/stress_test_all_corrected_v2.csv,True,2260452,9c482844d0bc01dc3df49f5b4dca77232e7c04feec0d23afeb4883a48a376009
